volcano_number	name	country	volcanic_region	volcano_type	tectonic_setting	evidence_category	elevation_m	last_eruption_year	longitude	latitude
210010	West Eifel Volcanic Field	Germany	Central European Volcanic Province	Volcanic field	Rift zone / Continental crust (> 25 km)	Eruption Dated	600	-8300	6.85	50.17
210020	Chaine des Puys	France	Western European Volcanic Province	Lava dome(s)	Rift zone / Continental crust (> 25 km)	Eruption Dated	1464	-4040	2.981	45.786
210030	Olot Volcanic Field	Spain	Western European Volcanic Province	Volcanic field	Intraplate / Continental crust (> 25 km)	Evidence Credible	893		2.53	42.17
210040	Calatrava Volcanic Field	Spain	Western European Volcanic Province	Volcanic field	Intraplate / Continental crust (> 25 km)	Eruption Dated	1117	-3600	-4.02	38.87
211004	Colli Albani	Italy	Italian Peninsula Volcanic Provinces	Caldera	Subduction zone / Continental crust (> 25 km)	Evidence Uncertain	949		12.7251	41.7569
211010	Campi Flegrei	Italy	Italian Peninsula Volcanic Provinces	Caldera	Subduction zone / Continental crust (> 25 km)	Eruption Observed	458	1538	14.139	40.827
211020	Vesuvius	Italy	Italian Peninsula Volcanic Provinces	Stratovolcano	Subduction zone / Continental crust (> 25 km)	Eruption Observed	1281	1944	14.426	40.821
211030	Ischia	Italy	Italian Peninsula Volcanic Provinces	Complex	Subduction zone / Continental crust (> 25 km)	Eruption Observed	789	1302	13.897	40.73
211031	Palinuro	Italy	Aeolian Volcanic Arc	Compound	Subduction zone / Continental crust (> 25 km)	Eruption Dated	-70	-8040	14.83	39.48
211040	Stromboli	Italy	Aeolian Volcanic Arc	Stratovolcano	Subduction zone / Continental crust (> 25 km)	Eruption Observed	924	2026	15.213	38.789
211041	Panarea	Italy	Aeolian Volcanic Arc	Stratovolcano	Subduction zone / Continental crust (> 25 km)	Evidence Uncertain	399		15.064	38.638
211042	Lipari	Italy	Aeolian Volcanic Arc	Stratovolcano(es)	Subduction zone / Continental crust (> 25 km)	Eruption Dated	590	1230	14.933	38.49
211050	Vulcano	Italy	Aeolian Volcanic Arc	Stratovolcano(es)	Subduction zone / Continental crust (> 25 km)	Eruption Observed	500	1890	14.962	38.404
211060	Etna	Italy	Sicily Volcanic Province	Stratovolcano(es)	Subduction zone / Continental crust (> 25 km)	Eruption Observed	3357	2026	14.999	37.748
211070	Campi Flegrei del Mar di Sicilia	Italy	Sicily Volcanic Province	Volcanic field	Rift zone / Continental crust (> 25 km)	Eruption Observed	-8	1867	12.7	37.1
211071	Pantelleria	Italy	Sicily Volcanic Province	Shield	Rift zone / Continental crust (> 25 km)	Eruption Observed	836	1891	12.02	36.77
211080	Marsili	Italy	Aeolian Volcanic Arc	Complex		Eruption Dated	-779	-1050	14.399	39.284
212020	Methana	Greece	Hellenic Volcanic Arc	Lava dome(s)	Subduction zone / Continental crust (> 25 km)	Eruption Observed	380	-258	23.3331	37.6186
212030	Milos	Greece	Hellenic Volcanic Arc	Stratovolcano(es)	Subduction zone / Continental crust (> 25 km)	Eruption Dated	751	140	24.439	36.699
212040	Santorini	Greece	Hellenic Volcanic Arc	Shield(s)	Subduction zone / Continental crust (> 25 km)	Eruption Observed	367	1950	25.396	36.404
212042	Kolumbo	Greece	Hellenic Volcanic Arc	Complex		Eruption Dated	-18	1650	25.483	36.524
212050	Nisyros	Greece	Hellenic Volcanic Arc	Stratovolcano	Subduction zone / Continental crust (> 25 km)	Eruption Observed	698	1888	27.1553	36.5888
213000	Kula	Turkiye	Western Anatolian Volcanic Province	Volcanic field	Intraplate / Continental crust (> 25 km)	Evidence Credible	750		28.52	38.58
213002	Hasandag-Keciboyduran Volcanic Complex	Turkiye	Western Anatolian Volcanic Province	Stratovolcano	Intraplate / Continental crust (> 25 km)	Evidence Credible	3253		34.17	38.13
213010	Erciyes Volcanic Complex	Turkiye	Western Anatolian Volcanic Province	Stratovolcano	Intraplate / Continental crust (> 25 km)	Eruption Dated	3864	-6880	35.447	38.531
213011	Karaca Dag	Turkiye	Northern Arabia Volcanic Province	Shield	Intraplate / Continental crust (> 25 km)	Evidence Credible	1957		39.83	37.67
213020	Nemrut Dagi	Turkiye	Central Anatolian Volcanic Province	Stratovolcano	Intraplate / Continental crust (> 25 km)	Eruption Observed	2948	1650	42.229	38.654
213030	Tenduruk Dagi	Turkiye	Central Anatolian Volcanic Province	Shield	Intraplate / Continental crust (> 25 km)	Eruption Observed	3514	1855	43.874	39.356
213040	Ararat	Turkiye	Central Anatolian Volcanic Province	Stratovolcano	Intraplate / Continental crust (> 25 km)	Eruption Observed	5165	1840	44.3	39.7
214010	Elbrus	Russia	Caucasus Volcanic Province	Stratovolcano	Intraplate / Continental crust (> 25 km)	Eruption Dated	5642	50	42.442	43.351
214020	Kazbek	Georgia	Caucasus Volcanic Province	Stratovolcano	Intraplate / Continental crust (> 25 km)	Eruption Dated	5004	-750	44.5184	42.697
214050	Samsari Volcanic Center	Georgia	Caucasus Volcanic Province	Volcanic field	Intraplate / Continental crust (> 25 km)	Evidence Uncertain	3290		43.7	41.542
214060	Aragats	Armenia	Caucasus Volcanic Province	Stratovolcano	Intraplate / Continental crust (> 25 km)	Evidence Credible	4095		44.2	40.53
214070	Ghegham Volcanic Ridge	Armenia	Caucasus Volcanic Province	Volcanic field	Intraplate / Continental crust (> 25 km)	Eruption Dated	3597	-1900	45.0	40.283
214080	Vaiyots-Sar	Armenia	Caucasus Volcanic Province	Pyroclastic cone(s)	Intraplate / Continental crust (> 25 km)	Eruption Dated	2575	-2000	45.497	39.797
214090	Porak	Armenia-Azerbaijan	Caucasus Volcanic Province	Volcanic field	Intraplate / Continental crust (> 25 km)	Eruption Dated	3029	-778	45.74	40.028
214100	Tskhouk-Karckar	Armenia-Azerbaijan	Caucasus Volcanic Province	Pyroclastic cone(s)	Intraplate / Continental crust (> 25 km)	Eruption Dated	3139	-3000	45.992	39.742
221010	Tair, Jebel at	Yemen	Red Sea Rift Volcanic Province	Stratovolcano	Rift zone / Oceanic crust (< 15 km)	Eruption Observed	244	2008	41.83	15.55
221020	Zubair Group	Yemen	Red Sea Rift Volcanic Province	Shield	Rift zone / Oceanic crust (< 15 km)	Eruption Observed	191	2013	42.18	15.05
221021	Zukur	Yemen	Red Sea Rift Volcanic Province	Shield	Rift zone / Oceanic crust (< 15 km)	Evidence Credible	624		42.75	14.02
221022	Hanish	Yemen	Red Sea Rift Volcanic Province	Shield	Rift zone / Oceanic crust (< 15 km)	Evidence Credible	422		42.73	13.72
221040	Alid	Eritrea	Afar Rift Volcanic Province	Stratovolcano	Rift zone / Intermediate crust (15-25 km)	Evidence Credible	904		39.92	14.88
221041	Dallol	Ethiopia	Afar Rift Volcanic Province	Explosion crater(s)	Rift zone / Intermediate crust (15-25 km)	Eruption Observed	-48	2011	40.3	14.242
221050	Gada Ale	Ethiopia	Afar Rift Volcanic Province	Stratovolcano	Rift zone / Intermediate crust (15-25 km)	Evidence Credible	287		40.408	13.975
221060	Alu-Dalafilla	Ethiopia	Afar Rift Volcanic Province	Fissure vent(s)	Rift zone / Intermediate crust (15-25 km)	Eruption Observed	578	2008	40.553	13.793
221071	Bora Ale	Ethiopia	Afar Rift Volcanic Province	Stratovolcano	Rift zone / Intermediate crust (15-25 km)	Evidence Credible	668		40.6	13.725
221080	Erta Ale	Ethiopia	Afar Rift Volcanic Province	Shield	Rift zone / Intermediate crust (15-25 km)	Eruption Observed	585	2025	40.666	13.601
221090	Ale Bagu	Ethiopia	Afar Rift Volcanic Province	Stratovolcano	Rift zone / Intermediate crust (15-25 km)	Evidence Credible	988		40.631	13.512
221091	Hayli Gubbi	Ethiopia	Afar Rift Volcanic Province	Shield	Rift zone / Intermediate crust (15-25 km)	Eruption Observed	493	2025	40.7161	13.5111
221100	Dubbi	Eritrea	Afar Rift Volcanic Province	Stratovolcano	Rift zone / Intermediate crust (15-25 km)	Eruption Observed	1625	1861	41.809	13.579
221101	Nabro	Eritrea	Afar Rift Volcanic Province	Stratovolcano	Rift zone / Intermediate crust (15-25 km)	Eruption Observed	2218	2012	41.7	13.37
221102	Mallahle	Ethiopia-Eritrea	Afar Rift Volcanic Province	Stratovolcano	Rift zone / Intermediate crust (15-25 km)	Evidence Uncertain	1875		41.65	13.27
221103	Sork Ale	Ethiopia-Eritrea	Afar Rift Volcanic Province	Stratovolcano	Rift zone / Intermediate crust (15-25 km)	Evidence Uncertain	1611		41.725	13.18
221104	Asavyo	Ethiopia	Afar Rift Volcanic Province	Shield	Rift zone / Intermediate crust (15-25 km)	Evidence Credible	1338		41.599	13.098
221105	Mat Ala	Ethiopia	Afar Rift Volcanic Province	Shield	Rift zone / Intermediate crust (15-25 km)	Evidence Credible	493		41.161	13.106
221106	Tat Ali	Ethiopia	Afar Rift Volcanic Province	Shield	Rift zone / Intermediate crust (15-25 km)	Evidence Credible	655		41.063	13.284
221107	Borawli	Ethiopia	Afar Rift Volcanic Province	Stratovolcano	Rift zone / Intermediate crust (15-25 km)	Evidence Credible	784		40.987	13.304
221110	Afdera	Ethiopia	Afar Rift Volcanic Province	Stratovolcano	Rift zone / Intermediate crust (15-25 km)	Evidence Uncertain	1250		40.853	13.088
221111	Ma Alalta	Ethiopia	Afar Rift Volcanic Province	Stratovolcano	Rift zone / Intermediate crust (15-25 km)	Evidence Credible	1745		40.185	13.013
221112	Alayta	Ethiopia	Afar Rift Volcanic Province	Shield	Rift zone / Intermediate crust (15-25 km)	Eruption Observed	1496	1915	40.573	12.888
221113	Dabbahu	Ethiopia	Afar Rift Volcanic Province	Stratovolcano	Rift zone / Intermediate crust (15-25 km)	Eruption Observed	1401	2005	40.48	12.595
221114	Dabbayra	Ethiopia	Afar Rift Volcanic Province	Shield	Rift zone / Intermediate crust (15-25 km)	Evidence Credible	1302		40.07	12.38
221115	Manda Hararo	Ethiopia	Afar Rift Volcanic Province	Shield(s)	Rift zone / Intermediate crust (15-25 km)	Eruption Observed	600	2009	40.82	12.17
221116	Groppo	Ethiopia	Afar Rift Volcanic Province	Volcanic field	Rift zone / Intermediate crust (15-25 km)	Evidence Credible	852		40.242	11.816
221120	Kurub	Ethiopia	Afar Rift Volcanic Province	Shield	Rift zone / Intermediate crust (15-25 km)	Evidence Credible	625		41.208	11.88
221122	Manda-Inakir	Ethiopia-Djibouti	Afar Rift Volcanic Province	Fissure vent(s)	Rift zone / Intermediate crust (15-25 km)	Eruption Observed	600	1928	42.2	12.38
221123	Mousa Alli	Ethiopia-Eritrea-Djibouti	Afar Rift Volcanic Province	Stratovolcano	Rift zone / Intermediate crust (15-25 km)	Evidence Credible	1993		42.404	12.469
221124	Gufa	Eritrea-Djibouti	Afar Rift Volcanic Province	Volcanic field	Rift zone / Intermediate crust (15-25 km)	Evidence Credible	600		42.53	12.55
221125	Assab Volcanic Field	Eritrea	Afar Rift Volcanic Province	Volcanic field	Rift zone / Intermediate crust (15-25 km)	Evidence Credible	987		42.43	12.95
221126	Ardoukoba	Djibouti	Afar Rift Volcanic Province	Fissure vent(s)	Rift zone / Intermediate crust (15-25 km)	Eruption Observed	298	1978	42.47	11.58
221127	Manda Gargori	Ethiopia	Afar Rift Volcanic Province	Fissure vent(s)	Rift zone / Intermediate crust (15-25 km)	Evidence Credible	700		41.48	11.75
221141	Dama Ali	Ethiopia	Main Ethiopian Rift Volcanic Province	Shield	Rift zone / Intermediate crust (15-25 km)	Eruption Observed	1068	1631	41.63	11.28
221150	Gabillema	Ethiopia	Main Ethiopian Rift Volcanic Province	Stratovolcano	Rift zone / Intermediate crust (15-25 km)	Evidence Credible	1459		41.27	11.08
221151	Yangudi	Ethiopia	Main Ethiopian Rift Volcanic Province	Complex	Rift zone / Intermediate crust (15-25 km)	Evidence Credible	1383		41.042	10.58
221160	Ayelu	Ethiopia	Main Ethiopian Rift Volcanic Province	Stratovolcano	Rift zone / Intermediate crust (15-25 km)	Evidence Credible	2145		40.702	10.082
221170	Adwa	Ethiopia	Main Ethiopian Rift Volcanic Province	Stratovolcano	Rift zone / Intermediate crust (15-25 km)	Evidence Credible	1670		40.831	10.063
221171	Hertali	Ethiopia	Main Ethiopian Rift Volcanic Province	Fissure vent	Rift zone / Intermediate crust (15-25 km)	Evidence Credible	900		40.33	9.78
221172	Liado Hayk	Ethiopia	Main Ethiopian Rift Volcanic Province	Volcanic field	Rift zone / Continental crust (> 25 km)	Evidence Uncertain	878		40.28	9.57
221180	Dofen	Ethiopia	Main Ethiopian Rift Volcanic Province	Shield	Rift zone / Continental crust (> 25 km)	Evidence Credible	1151		40.13	9.35
221190	Fentale	Ethiopia	Main Ethiopian Rift Volcanic Province	Stratovolcano	Rift zone / Continental crust (> 25 km)	Eruption Observed	2007	1789	39.906	8.985
221191	Beru	Ethiopia	Main Ethiopian Rift Volcanic Province	Volcanic field	Rift zone / Continental crust (> 25 km)	Evidence Credible	1100		39.75	8.95
221200	Kone	Ethiopia	Main Ethiopian Rift Volcanic Province	Caldera(s)	Rift zone / Continental crust (> 25 km)	Eruption Observed	1380	1820	39.6946	8.8105
221210	Boset	Ethiopia	Main Ethiopian Rift Volcanic Province	Stratovolcano(es)	Rift zone / Continental crust (> 25 km)	Evidence Credible	2447		39.475	8.558
221220	Bishoftu Volcanic Field	Ethiopia	Main Ethiopian Rift Volcanic Province	Volcanic field	Rift zone / Continental crust (> 25 km)	Evidence Credible	1850		38.98	8.78
221222	Melkassa	Ethiopia	Main Ethiopian Rift Volcanic Province	Volcanic field	Intraplate / Continental crust (> 25 km)	Evidence Credible	1765		39.35	8.43
221230	Gedemsa	Ethiopia	Main Ethiopian Rift Volcanic Province	Caldera	Rift zone / Continental crust (> 25 km)	Evidence Credible	1909		39.172	8.363
221250	Bora-Bericha-Tullu Moye	Ethiopia	Main Ethiopian Rift Volcanic Province	Pyroclastic cone	Rift zone / Continental crust (> 25 km)	Eruption Observed	2345	1900	39.0812	8.2114
221252	East Ziway	Ethiopia	Main Ethiopian Rift Volcanic Province	Fissure vent(s)	Rift zone / Continental crust (> 25 km)	Evidence Credible	1889		38.902	7.874
221260	Butajiri-Silti Field	Ethiopia	Main Ethiopian Rift Volcanic Province	Volcanic field	Rift zone / Continental crust (> 25 km)	Evidence Credible	2281		38.35	8.05
221270	Aluto	Ethiopia	Main Ethiopian Rift Volcanic Province	Stratovolcano	Rift zone / Continental crust (> 25 km)	Eruption Dated	2335	1550	38.78	7.77
221280	Shala	Ethiopia	Main Ethiopian Rift Volcanic Province	Caldera	Rift zone / Continental crust (> 25 km)	Evidence Credible	2075		38.5571	7.4569
221290	Corbetti	Ethiopia	Main Ethiopian Rift Volcanic Province	Caldera	Rift zone / Continental crust (> 25 km)	Evidence Credible	2289	-396	38.39	7.193
221291	Bilate River Field	Ethiopia	Main Ethiopian Rift Volcanic Province	Volcanic field	Intraplate / Continental crust (> 25 km)	Unrest / Holocene	1700		38.1	7.07
221294	Northern Lake Abaya Volcanic Field	Ethiopia	Main Ethiopian Rift Volcanic Province	Volcanic field	Intraplate / Continental crust (> 25 km)	Evidence Credible	1594		37.97	6.76
221320	Korath Range	Ethiopia	Kenyan Rift Volcanic Province	Tuff cone(s)	Rift zone / Intermediate crust (15-25 km)	Evidence Uncertain	912		35.892	5.117
221330	Mega Volcanic Field	Ethiopia	Kenyan Rift Volcanic Province	Volcanic field	Rift zone / Intermediate crust (15-25 km)	Evidence Credible	1500		38.213	3.971
222001	Lake Turkana North Island	Kenya	Kenyan Rift Volcanic Province	Tuff cone(s)	Rift zone / Continental crust (> 25 km)	Evidence Credible	490		36.0458	4.0631
222010	Lake Turkana Central Island	Kenya	Kenyan Rift Volcanic Province	Tuff cone(s)	Rift zone / Continental crust (> 25 km)	Evidence Credible	518		36.0365	3.496
222020	Lake Turkana South Island	Kenya	Kenyan Rift Volcanic Province	Stratovolcano	Rift zone / Continental crust (> 25 km)	Eruption Observed	800	1888	36.5958	2.6364
222021	Marsabit	Kenya	Kenyan Rift Volcanic Province	Shield	Rift zone / Continental crust (> 25 km)	Evidence Uncertain	1707		37.97	2.32
222030	Barrier, The	Kenya	Kenyan Rift Volcanic Province	Shield	Rift zone / Continental crust (> 25 km)	Eruption Observed	1032	1921	36.57	2.32
222040	Namarunu	Kenya	Kenyan Rift Volcanic Province	Shield	Rift zone / Continental crust (> 25 km)	Eruption Dated	817	-6550	36.43	1.98
222050	Segererua Plateau	Kenya	Kenyan Rift Volcanic Province	Pyroclastic cone(s)	Rift zone / Continental crust (> 25 km)	Evidence Credible	699		37.9	1.57
222051	Emuruangogolak	Kenya	Kenyan Rift Volcanic Province	Shield	Rift zone / Continental crust (> 25 km)	Eruption Dated	1285	1910	36.33	1.5
222052	Silali	Kenya	Kenyan Rift Volcanic Province	Shield	Rift zone / Continental crust (> 25 km)	Eruption Dated	1528	-5050	36.23	1.15
222053	Paka	Kenya	Kenyan Rift Volcanic Province	Shield	Rift zone / Continental crust (> 25 km)	Eruption Dated	1697	-7550	36.18	0.92
222054	Korosi	Kenya	Kenyan Rift Volcanic Province	Shield	Rift zone / Continental crust (> 25 km)	Evidence Credible	1446		36.12	0.77
222055	Ol Kokwe	Kenya	Kenyan Rift Volcanic Province	Shield	Rift zone / Continental crust (> 25 km)	Evidence Credible	1130		36.075	0.62
222056	Nyambeni Hills	Kenya	Kenyan Rift Volcanic Province	Shield	Rift zone / Continental crust (> 25 km)	Evidence Credible	750		37.87	0.23
222060	Menengai	Kenya	Kenyan Rift Volcanic Province	Shield	Rift zone / Continental crust (> 25 km)	Eruption Dated	2278	-6050	36.07	-0.2
222070	Homa Mountain	Kenya	Kenyan Rift Volcanic Province	Complex	Rift zone / Continental crust (> 25 km)	Evidence Credible	1751		34.5	-0.38
222071	Elmenteita Badlands	Kenya	Kenyan Rift Volcanic Province	Pyroclastic cone(s)	Rift zone / Continental crust (> 25 km)	Evidence Credible	2126		36.249	-0.546
222080	Eburru, Ol Doinyo	Kenya	Kenyan Rift Volcanic Province	Complex	Rift zone / Continental crust (> 25 km)	Evidence Credible	2856		36.22	-0.65
222090	Olkaria	Kenya	Kenyan Rift Volcanic Province	Pyroclastic cone(s)	Rift zone / Continental crust (> 25 km)	Eruption Dated	2434	1770	36.292	-0.904
222100	Longonot	Kenya	Kenyan Rift Volcanic Province	Stratovolcano	Rift zone / Continental crust (> 25 km)	Eruption Dated	2776	1863	36.446	-0.914
222110	Suswa	Kenya	Kenyan Rift Volcanic Province	Shield	Rift zone / Continental crust (> 25 km)	Evidence Credible	2356		36.357	-1.151
222120	Lengai, Ol Doinyo	Tanzania	Kenyan Rift Volcanic Province	Stratovolcano	Rift zone / Continental crust (> 25 km)	Eruption Observed	2962	2026	35.914	-2.764
222130	Chyulu Hills	Kenya	Kenyan Rift Volcanic Province	Volcanic field	Rift zone / Continental crust (> 25 km)	Eruption Dated	2188	1855	37.88	-2.68
222160	Meru	Tanzania	Kenyan Rift Volcanic Province	Stratovolcano	Rift zone / Continental crust (> 25 km)	Eruption Observed	4550	1910	36.75	-3.244
222164	Ngozi	Tanzania	Rukwa Rift Volcanic Province	Caldera	Rift zone / Continental crust (> 25 km)	Eruption Dated	2614	1450	33.552	-9.0036
222166	Rungwe	Tanzania	Rukwa Rift Volcanic Province	Stratovolcano	Rift zone / Continental crust (> 25 km)	Eruption Dated	2953	1250	33.668	-9.135
222170	Kyejo	Tanzania	Rukwa Rift Volcanic Province	Stratovolcano	Rift zone / Continental crust (> 25 km)	Eruption Observed	2176	1800	33.792	-9.229
223001	Fort Portal Volcanic Field	Uganda	Albertine Rift Volcanic Province	Volcanic field	Rift zone / Continental crust (> 25 km)	Eruption Dated	1615	-2120	30.25	0.7
223002	Ndali-Kasenda Volcanic Field	Uganda	Albertine Rift Volcanic Province	Volcanic field	Rift zone / Continental crust (> 25 km)	Evidence Uncertain	1300		30.275	0.4583
223020	Nyamulagira	DR Congo	Albertine Rift Volcanic Province	Shield	Rift zone / Continental crust (> 25 km)	Eruption Observed	3058	2026	29.2	-1.408
223030	Nyiragongo	DR Congo	Albertine Rift Volcanic Province	Stratovolcano	Rift zone / Continental crust (> 25 km)	Eruption Observed	3470	2026	29.25	-1.52
223040	Karisimbi	DR Congo-Rwanda	Albertine Rift Volcanic Province	Stratovolcano	Rift zone / Continental crust (> 25 km)	Eruption Dated	4490	-8050	29.45	-1.506
223045	Mugogo	DR Congo	Albertine Rift Volcanic Province	Cone	Rift zone / Continental crust (> 25 km)		2338	1957	29.48	-1.3687
224004	Basile, Pico	Equatorial Guinea	Western Africa Volcanic Province	Shield	Intraplate / Continental crust (> 25 km)	Eruption Observed	2999	1923	8.762	3.588
224010	Cameroon	Cameroon	Western Africa Volcanic Province	Stratovolcano	Intraplate / Continental crust (> 25 km)	Eruption Observed	4095	2000	9.17	4.203
224011	Tombel Graben	Cameroon	Western Africa Volcanic Province	Volcanic field	Intraplate / Continental crust (> 25 km)	Evidence Credible	500		9.717	4.758
224030	Oku Volcanic Field	Cameroon	Western Africa Volcanic Province	Volcanic field	Intraplate / Continental crust (> 25 km)	Evidence Uncertain	3011		10.5	6.25
225001	Todra Volcanic Field	Niger	West Central Sahara Volcanic Province	Volcanic field	Intraplate / Continental crust (> 25 km)	Evidence Credible	1780		8.5	17.68
225004	Tahalra Volcanic Field	Algeria	West Central Sahara Volcanic Province	Volcanic field	Intraplate / Continental crust (> 25 km)	Evidence Credible	1467		5.0	22.67
225005	Atakor Volcanic Field	Algeria	West Central Sahara Volcanic Province	Volcanic field	Intraplate / Continental crust (> 25 km)	Evidence Credible	2918		5.83	23.33
225006	Manzaz Volcanic Field	Algeria	West Central Sahara Volcanic Province	Volcanic field	Intraplate / Continental crust (> 25 km)	Evidence Credible	1672		5.83	23.92
225009	Toh, Tarso	Chad	East Central Sahara Volcanic Province	Volcanic field	Intraplate / Continental crust (> 25 km)	Evidence Credible	2000		16.33	21.33
225010	Tousside, Tarso	Chad	East Central Sahara Volcanic Province	Stratovolcano	Intraplate / Continental crust (> 25 km)	Evidence Credible	3299		16.473	21.0408
225020	Voon, Tarso	Chad	East Central Sahara Volcanic Province	Stratovolcano	Intraplate / Continental crust (> 25 km)	Unrest / Holocene	3100		17.28	20.92
225021	Koussi, Emi	Chad	East Central Sahara Volcanic Province	Shield(pyroclastic)	Intraplate / Continental crust (> 25 km)	Evidence Credible	3415		18.53	19.8
225030	Marra, Jebel	Sudan	Southeast Sahara Volcanic Province	Volcanic field	Intraplate / Continental crust (> 25 km)	Eruption Dated	3042	-2000	24.27	12.95
225040	Kutum Volcanic Field	Sudan	Southeast Sahara Volcanic Province	Volcanic field	Intraplate / Continental crust (> 25 km)	Evidence Uncertain	1779		25.85	14.57
225050	Meidob Volcanic Field	Sudan	Southeast Sahara Volcanic Province	Volcanic field	Intraplate / Continental crust (> 25 km)	Eruption Dated	2000	-2950	26.47	15.32
225060	Bayuda Volcanic Field	Sudan	Southeast Sahara Volcanic Province	Volcanic field	Intraplate / Continental crust (> 25 km)	Eruption Dated	670	850	32.75	18.33
231001	Ash Shaam, Harrat	Syria-Jordan-Saudi Arabia	Northern Arabia Volcanic Province	Volcanic field	Intraplate / Continental crust (> 25 km)	Eruption Observed	1100	-2670	37.583	32.333
231040	Lunayyir, Harrat	Saudi Arabia	Western Arabia Volcanic Province	Volcanic field	Intraplate / Continental crust (> 25 km)	Eruption Observed	1370	1000	37.75	25.17
231050	Ithnayn, Harrat	Saudi Arabia	Western Arabia Volcanic Province	Volcanic field	Intraplate / Continental crust (> 25 km)	Evidence Credible	1625		40.2	26.58
231060	Khaybar, Harrat	Saudi Arabia	Western Arabia Volcanic Province	Volcanic field	Intraplate / Continental crust (> 25 km)	Eruption Observed	2093	650	40.0	25.5
231070	Rahat, Harrat	Saudi Arabia	Western Arabia Volcanic Province	Volcanic field	Intraplate / Continental crust (> 25 km)	Eruption Observed	1744	1256	39.78	23.08
231071	Kishb, Harrat	Saudi Arabia	Western Arabia Volcanic Province	Volcanic field	Intraplate / Continental crust (> 25 km)	Evidence Credible	1475		41.38	22.8
231072	Birk, Harrat al	Saudi Arabia	Southwest Arabia Volcanic Province	Volcanic field	Intraplate / Continental crust (> 25 km)	Evidence Credible	587		41.63	18.37
231080	Yar, Jabal	Saudi Arabia	Southwest Arabia Volcanic Province	Volcanic field	Intraplate / Continental crust (> 25 km)	Eruption Observed	305	1810	42.83	17.05
231090	Arhab, Harra of	Yemen	Southwest Arabia Volcanic Province	Volcanic field	Intraplate / Continental crust (> 25 km)	Eruption Observed	3100	500	44.0978	15.6025
231110	Haylan, Jabal	Yemen	Southwest Arabia Volcanic Province	Volcanic field	Intraplate / Continental crust (> 25 km)	Eruption Dated	1550	-1200	45.1	15.4
231120	Dhamar, Harras of	Yemen	Southwest Arabia Volcanic Province	Volcanic field	Intraplate / Continental crust (> 25 km)	Eruption Observed	3500		44.67	14.57
231160	Sawad, Harra Es-	Yemen	Southwest Arabia Volcanic Province	Volcanic field	Intraplate / Continental crust (> 25 km)	Eruption Observed	1737	1253	46.12	13.58
231170	Balhaf-Bir Ali Volcanic Field	Yemen	Southwest Arabia Volcanic Province	Volcanic field	Intraplate / Continental crust (> 25 km)	Evidence Credible	604		48.3	14.067
231180	Bir Borhut	Yemen	Southwest Arabia Volcanic Province	Volcanic field	Intraplate / Continental crust (> 25 km)	Evidence Uncertain	464		50.935	15.515
232010	Damavand	Iran	Caucasus Volcanic Province	Stratovolcano	Intraplate / Continental crust (> 25 km)	Eruption Dated	5670	-5350	52.109	35.951
233001	Grille, La	Union of the Comoros	Madagascar-Comoros Volcanic Province	Shield	Intraplate / Oceanic crust (< 15 km)	Evidence Credible	1064		43.35	-11.4861
233005	Mayotte	France	Madagascar-Comoros Volcanic Province	Shield	Intraplate / Oceanic crust (< 15 km)	Eruption Dated	660	-2050	45.17	-12.83
233010	Karthala	Union of the Comoros	Madagascar-Comoros Volcanic Province	Shield	Intraplate / Oceanic crust (< 15 km)	Eruption Observed	2350	2007	43.3639	-11.7658
233020	Fournaise, Piton de la	France	Reunion Hotspot Volcano Group	Shield	Intraplate / Oceanic crust (< 15 km)	Eruption Observed	2632	2026	55.708	-21.244
233040	Fani Maore	France	Madagascar-Comoros Volcanic Province	Cone	Intraplate / Oceanic crust (< 15 km)	Eruption Observed	-2500	2019	45.7075	-12.9121
234000	Boomerang Seamount	France	Amsterdam-St. Paul Hotspot Volcano Group	Caldera	Rift zone / Oceanic crust (< 15 km)	Eruption Dated	-650	1995	77.8221	-37.7216
234001	Amsterdam Island	France	Amsterdam-St. Paul Hotspot Volcano Group	Stratovolcano	Rift zone / Oceanic crust (< 15 km)	Evidence Credible	881		77.52	-37.83
234002	St. Paul	France	Amsterdam-St. Paul Hotspot Volcano Group	Stratovolcano	Rift zone / Oceanic crust (< 15 km)	Eruption Observed	268	1793	77.53	-38.72
234010	Heard	Australia	Kerguelen Hotspot Volcano Group	Stratovolcano	Intraplate / Oceanic crust (< 15 km)	Eruption Observed	2745	2026	73.513	-53.106
234011	McDonald Islands	Australia	Kerguelen Hotspot Volcano Group	Complex	Intraplate / Oceanic crust (< 15 km)	Eruption Observed	263	2005	72.595	-53.0394
234020	Kerguelen Islands	France	Kerguelen Hotspot Volcano Group	Stratovolcano(es)	Intraplate / Oceanic crust (< 15 km)	Evidence Uncertain	1840		69.5	-49.58
234030	Est, Ile de l'	France	Crozet Hotspot Volcano Group	Stratovolcano	Rift zone / Oceanic crust (< 15 km)	Evidence Uncertain	1090		52.2	-46.43
234040	Possession, Ile de la	France	Crozet Hotspot Volcano Group	Stratovolcano	Rift zone / Oceanic crust (< 15 km)	Evidence Credible	934		51.75	-46.42
234050	Cochons, Ile aux	France	Crozet Hotspot Volcano Group	Stratovolcano	Rift zone / Oceanic crust (< 15 km)	Evidence Credible	775		50.23	-46.1
234060	Prince Edward Island	South Africa	Marion Hotspot Volcano Group	Shield	Rift zone / Oceanic crust (< 15 km)	Evidence Credible	672		37.95	-46.63
234070	Marion Island	South Africa	Marion Hotspot Volcano Group	Shield(s)	Rift zone / Oceanic crust (< 15 km)	Eruption Observed	1230	2004	37.75	-46.9
241020	Auckland Volcanic Field	New Zealand	Western North Island Volcanic Province	Volcanic field	Intraplate / Continental crust (> 25 km)	Eruption Dated	260	1446	174.81	-36.89
241021	Tuhua/Mayor Island	New Zealand	Taupo Volcanic Arc	Shield	Subduction zone / Continental crust (> 25 km)	Eruption Dated	355	-5055	176.25	-37.28
241030	Taranaki	New Zealand	Western North Island Volcanic Province	Stratovolcano	Subduction zone / Continental crust (> 25 km)	Eruption Observed	2518	1800	174.07	-39.3
241040	Whakaari/White Island	New Zealand	Taupo Volcanic Arc	Stratovolcano(es)	Subduction zone / Continental crust (> 25 km)	Eruption Observed	294	2026	177.18	-37.52
241050	Okataina	New Zealand	Taupo Volcanic Arc	Lava dome(s)	Subduction zone / Continental crust (> 25 km)	Eruption Observed	1111	1981	176.5069	-38.1569
241070	Taupo	New Zealand	Taupo Volcanic Arc	Caldera	Subduction zone / Continental crust (> 25 km)	Eruption Dated	760	260	175.893	-38.7811
241080	Tongariro	New Zealand	Taupo Volcanic Arc	Stratovolcano(es)	Subduction zone / Continental crust (> 25 km)	Eruption Observed	1978	2012	175.632	-39.157
241100	Ruapehu	New Zealand	Taupo Volcanic Arc	Stratovolcano	Subduction zone / Continental crust (> 25 km)	Eruption Observed	2797	2007	175.57	-39.28
241101	Clark	New Zealand	Southern Kermadec Volcanic Arc	Stratovolcano	Subduction zone / Oceanic crust (< 15 km)	Unrest / Holocene	-860		177.839	-36.446
241102	Tangaroa	New Zealand	Southern Kermadec Volcanic Arc	Stratovolcano	Subduction zone / Oceanic crust (< 15 km)	Unrest / Holocene	-600		178.028	-36.321
241110	Rumble V	New Zealand	Southern Kermadec Volcanic Arc	Stratovolcano	Subduction zone / Oceanic crust (< 15 km)	Unrest / Holocene	-400		178.196	-36.142
241120	Rumble IV	New Zealand	Southern Kermadec Volcanic Arc	Stratovolcano	Subduction zone / Oceanic crust (< 15 km)	Unrest / Holocene	-500		178.05	-36.13
241130	Rumble III	New Zealand	Southern Kermadec Volcanic Arc	Stratovolcano	Subduction zone / Oceanic crust (< 15 km)	Eruption Observed	-220	2008	178.478	-35.745
241131	Rumble II West	New Zealand	Southern Kermadec Volcanic Arc	Stratovolcano	Subduction zone / Oceanic crust (< 15 km)	Unrest / Holocene	-1200		178.527	-35.353
241140	Healy	New Zealand	Southern Kermadec Volcanic Arc	Stratovolcano	Subduction zone / Oceanic crust (< 15 km)	Eruption Dated	-980	1360	178.973	-35.004
241150	Brothers	New Zealand	Southern Kermadec Volcanic Arc	Caldera	Subduction zone / Oceanic crust (< 15 km)	Unrest / Holocene	-1350		179.0667	-34.875
242001	Wright	New Zealand	Middle Kermadec Volcanic Arc	Stratovolcano(es)	Subduction zone / Oceanic crust (< 15 km)	Unrest / Holocene	-900		-179.18	-31.85
242005	Havre Seamount	New Zealand	Middle Kermadec Volcanic Arc	Stratovolcano	Subduction zone / Oceanic crust (< 15 km)	Eruption Observed	-897	2012	-179.033	-31.08
242010	Curtis Island	New Zealand	Middle Kermadec Volcanic Arc	Stratovolcano	Subduction zone / Oceanic crust (< 15 km)	Unrest / Holocene	47		-178.556	-30.543
242021	Macauley	New Zealand	Middle Kermadec Volcanic Arc	Caldera	Subduction zone / Oceanic crust (< 15 km)	Eruption Dated	238	-4360	-178.475	-30.21
242022	Giggenbach	New Zealand	Middle Kermadec Volcanic Arc	Stratovolcano	Subduction zone / Oceanic crust (< 15 km)	Unrest / Holocene	-65		-178.712	-30.036
242030	Raoul Island	New Zealand	Northern Kermadec Volcanic Arc	Stratovolcano	Subduction zone / Oceanic crust (< 15 km)	Eruption Observed	516	2006	-177.92	-29.27
242050	Monowai	New Zealand	Northern Kermadec Volcanic Arc	Stratovolcano	Subduction zone / Oceanic crust (< 15 km)	Eruption Observed	-132	2014	-177.188	-25.887
243001	Kermadec Arc at 24.8°S	Tonga	Northern Kermadec Volcanic Arc	Stratovolcano	Subduction zone / Oceanic crust (< 15 km)	Unrest / Holocene	-385		-177.02	-24.8
243010	Tofua Arc at 21.3°S	Tonga	Tofua Volcanic Arc	Stratovolcano	Subduction zone / Oceanic crust (< 15 km)	Eruption Observed	-68	1932	-175.65	-21.338
243011	Tofua Arc at 21.1°S	Tonga	Tofua Volcanic Arc	Stratovolcano	Subduction zone / Oceanic crust (< 15 km)	Evidence Credible	-65		-175.75	-21.15
243030	Tofua Arc at 20.9°S	Tonga	Tofua Volcanic Arc	Stratovolcano	Subduction zone / Oceanic crust (< 15 km)	Eruption Observed	-296	2017	-175.55	-20.852
243040	Hunga Tonga-Hunga Ha'apai	Tonga	Tofua Volcanic Arc	Caldera	Subduction zone / Oceanic crust (< 15 km)	Eruption Observed	114	2022	-175.3841	-20.5532
243050	Fonuafo'ou	Tonga	Tofua Volcanic Arc	Stratovolcano	Subduction zone / Oceanic crust (< 15 km)	Eruption Observed	-17	1936	-175.42	-20.32
243060	Tofua	Tonga	Tofua Volcanic Arc	Caldera	Subduction zone / Oceanic crust (< 15 km)	Eruption Observed	515	2026	-175.07	-19.75
243061	Kao	Tonga	Tofua Volcanic Arc	Stratovolcano	Subduction zone / Oceanic crust (< 15 km)	Eruption Observed	1009	1847	-175.016	-19.668
243070	Lateiki	Tonga	Tofua Volcanic Arc	Stratovolcano	Subduction zone / Oceanic crust (< 15 km)	Eruption Observed	43	2019	-174.87	-19.18
243080	Home Reef	Tonga	Tofua Volcanic Arc	Stratovolcano	Subduction zone / Oceanic crust (< 15 km)	Eruption Observed	-10	2026	-174.775	-18.992
243090	Late	Tonga	Tofua Volcanic Arc	Stratovolcano	Subduction zone / Oceanic crust (< 15 km)	Eruption Observed	540	1854	-174.65	-18.806
243091	Tofua Arc at 18.3°S	Tonga	Tofua Volcanic Arc	Stratovolcano	Subduction zone / Oceanic crust (< 15 km)	Eruption Observed	-40	2019	-174.365	-18.325
243100	Fonualei	Tonga	Tofua Volcanic Arc	Stratovolcano	Subduction zone / Oceanic crust (< 15 km)	Eruption Observed	188	1957	-174.317	-18.023
243101	Tafahi	Tonga	Tofua Volcanic Arc	Stratovolcano	Subduction zone / Oceanic crust (< 15 km)	Evidence Uncertain	546		-173.747	-15.854
243102	Curacoa	Tonga	Tofua Volcanic Arc	Complex	Subduction zone / Oceanic crust (< 15 km)	Eruption Observed	-33	1979	-173.67	-15.62
243110	Niuafo'ou	Tonga	Northeast Lau Basin Volcano Group	Shield	Subduction zone / Oceanic crust (< 15 km)	Eruption Observed	260	1946	-175.63	-15.6
243111	Dugong	Tonga	Northeast Lau Basin Volcano Group	Shield		Evidence Uncertain	-1170		-175.725	-15.431
243112	Lobster	Tonga	Northeast Lau Basin Volcano Group	Shield		Evidence Uncertain	-1500		-176.283	-15.333
243120	Tafu-Maka	Tonga	Northeast Lau Basin Volcano Group	Fissure vent	Rift zone / Oceanic crust (< 15 km)	Eruption Observed	-1400	2008	-174.23	-15.37
243130	West Mata	Tonga	Northeast Lau Basin Volcano Group	Fissure vent(s)	Subduction zone / Oceanic crust (< 15 km)	Eruption Observed	-1174	2009	-173.75	-15.1
243140	Niuatahi	Tonga	Northeast Lau Basin Volcano Group	Caldera	Subduction zone / Oceanic crust (< 15 km)	Unrest / Holocene	-1270		-174.0028	-15.3675
244000	Vailulu'u	United States	Samoan Hotspot Volcano Group	Shield	Subduction zone / Oceanic crust (< 15 km)	Eruption Observed	-592	2003	-169.058	-14.215
244001	Ta'u	United States	Samoan Hotspot Volcano Group	Shield	Subduction zone / Oceanic crust (< 15 km)	Evidence Credible	931		-169.454	-14.23
244010	Ofu-Olosega	United States	Samoan Hotspot Volcano Group	Shield(s)	Subduction zone / Oceanic crust (< 15 km)	Eruption Observed	639	1866	-169.618	-14.175
244020	Tutuila	United States	Samoan Hotspot Volcano Group	Tuff cone(s)	Subduction zone / Oceanic crust (< 15 km)	Eruption Dated	653	440	-170.7019	-14.2903
244021	Malumalu	United States	Samoan Hotspot Volcano Group	Stratovolcano	Intraplate / Oceanic crust (< 15 km)	Evidence Credible	-145		-169.787	-14.601
244030	Upolu	Samoa	Samoan Hotspot Volcano Group	Shield	Subduction zone / Oceanic crust (< 15 km)	Evidence Credible	1100		-171.72	-13.935
244040	Savaii	Samoa	Samoan Hotspot Volcano Group	Shield	Subduction zone / Oceanic crust (< 15 km)	Eruption Observed	1858	1911	-172.525	-13.612
245010	Taveuni	Fiji	Fiji Volcanic Arc	Shield	Subduction zone / Crustal thickness unknown	Eruption Dated	1241	1550	-179.9644	-16.8412
245030	Nabukelevu	Fiji	Fiji Volcanic Arc	Lava dome(s)	Subduction zone / Crustal thickness unknown	Eruption Dated	791	1660	177.9815	-19.1181
250010	St. Andrew Strait	Papua New Guinea	Bismarck Sea Volcanic Province	Complex	Subduction zone / Oceanic crust (< 15 km)	Eruption Observed	270	1957	147.35	-2.38
250030	Titan Ridge	Papua New Guinea	Bismarck Sea Volcanic Province	Fissure vent	Rift zone / Continental crust (> 25 km)	Eruption Dated	-1300	1972	147.78	-3.03
251001	Blup Blup	Papua New Guinea	Bismarck Volcanic Arc	Stratovolcano	Subduction zone / Continental crust (> 25 km)	Evidence Credible	402		144.605	-3.507
251002	Kadovar	Papua New Guinea	Bismarck Volcanic Arc	Stratovolcano	Subduction zone / Continental crust (> 25 km)	Evidence Credible	365	2023	144.588	-3.608
251010	Bam	Papua New Guinea	Bismarck Volcanic Arc	Stratovolcano	Subduction zone / Continental crust (> 25 km)	Eruption Observed	685	1960	144.818	-3.613
251020	Manam	Papua New Guinea	Bismarck Volcanic Arc	Stratovolcano	Subduction zone / Continental crust (> 25 km)	Eruption Observed	1807	2026	145.037	-4.08
251030	Karkar	Papua New Guinea	Bismarck Volcanic Arc	Stratovolcano	Subduction zone / Continental crust (> 25 km)	Eruption Observed	1839	1979	145.976	-4.647
251041	Hankow Reef	Papua New Guinea	Bismarck Volcanic Arc	Stratovolcano	Subduction zone / Continental crust (> 25 km)	Evidence Uncertain	-5		146.717	-4.883
251050	Long Island	Papua New Guinea	Bismarck Volcanic Arc	Complex	Subduction zone / Continental crust (> 25 km)	Eruption Observed	1263	1993	147.105	-5.3144
251060	Umboi	Papua New Guinea	Bismarck Volcanic Arc	Complex	Subduction zone / Continental crust (> 25 km)	Evidence Credible	1335		147.892	-5.592
251070	Ritter Island	Papua New Guinea	Bismarck Volcanic Arc	Stratovolcano	Subduction zone / Continental crust (> 25 km)	Eruption Observed	75	2007	148.115	-5.519
251080	Sakar	Papua New Guinea	Bismarck Volcanic Arc	Stratovolcano	Subduction zone / Continental crust (> 25 km)	Evidence Uncertain	947		148.0836	-5.4098
252010	Langila	Papua New Guinea	Bismarck Volcanic Arc	Complex	Subduction zone / Continental crust (> 25 km)	Eruption Observed	1330	2026	148.42	-5.525
252040	Dakataua	Papua New Guinea	Bismarck Volcanic Arc	Caldera	Subduction zone / Continental crust (> 25 km)	Eruption Dated	408	1895	150.0996	-5.0455
252050	Bola	Papua New Guinea	Bismarck Volcanic Arc	Stratovolcano	Subduction zone / Continental crust (> 25 km)	Evidence Credible	1116		150.038	-5.141
252060	Garua Harbour	Papua New Guinea	Bismarck Volcanic Arc	Volcanic field	Subduction zone / Continental crust (> 25 km)	Evidence Uncertain	565		150.07	-5.3
252070	Krummel-Garbuna-Welcker	Papua New Guinea	Bismarck Volcanic Arc	Stratovolcano(es)	Subduction zone / Continental crust (> 25 km)	Eruption Observed	564	2008	150.027	-5.416
252071	Lolo	Papua New Guinea	Bismarck Volcanic Arc	Stratovolcano	Subduction zone / Continental crust (> 25 km)	Evidence Uncertain	796		150.509	-5.466
252080	Witori	Papua New Guinea	Bismarck Volcanic Arc	Caldera	Subduction zone / Continental crust (> 25 km)	Eruption Observed	724	2012	150.5161	-5.5745
252090	Sulu Range	Papua New Guinea	Bismarck Volcanic Arc	Stratovolcano(es)	Subduction zone / Continental crust (> 25 km)	Unrest / Holocene	610		150.942	-5.5
252100	Hargy	Papua New Guinea	Bismarck Volcanic Arc	Stratovolcano	Subduction zone / Continental crust (> 25 km)	Eruption Dated	1148	950	151.1	-5.33
252110	Bamus	Papua New Guinea	Bismarck Volcanic Arc	Stratovolcano	Subduction zone / Continental crust (> 25 km)	Eruption Observed	2248	1886	151.23	-5.2
252120	Ulawun	Papua New Guinea	Bismarck Volcanic Arc	Stratovolcano	Subduction zone / Continental crust (> 25 km)	Eruption Observed	2334	2025	151.33	-5.05
252130	Lolobau	Papua New Guinea	Bismarck Volcanic Arc	Caldera	Subduction zone / Continental crust (> 25 km)	Eruption Observed	878	1912	151.1617	-4.9156
252140	Rabaul	Papua New Guinea	Bismarck Volcanic Arc	Caldera	Subduction zone / Continental crust (> 25 km)	Eruption Observed	688	2014	152.1937	-4.2459
252150	Tavui	Papua New Guinea	Bismarck Volcanic Arc	Caldera	Subduction zone / Continental crust (> 25 km)	Eruption Dated	200	-4946	152.2134	-4.1089
253010	Lamington	Papua New Guinea	Trobriand Volcanic Province	Stratovolcano	Subduction zone / Continental crust (> 25 km)	Eruption Observed	1680	1956	148.15	-8.95
253011	Hydrographers Range	Papua New Guinea	Trobriand Volcanic Province	Stratovolcano	Subduction zone / Continental crust (> 25 km)	Evidence Credible	1915		148.37	-9.0
253021	Managlase Plateau	Papua New Guinea	Trobriand Volcanic Province	Volcanic field	Subduction zone / Continental crust (> 25 km)	Evidence Credible	1342		148.33	-9.08
253030	Victory	Papua New Guinea	Trobriand Volcanic Province	Stratovolcano	Subduction zone / Continental crust (> 25 km)	Eruption Observed	1832	1935	149.072	-9.2003
253040	Sessagara Hills	Papua New Guinea	Trobriand Volcanic Province	Volcanic field	Subduction zone / Continental crust (> 25 km)	Eruption Observed	493	1944	149.1278	-9.5542
253041	Goodenough	Papua New Guinea	Trobriand Volcanic Province	Volcanic field	Subduction zone / Continental crust (> 25 km)	Evidence Credible	220		150.246	-9.358
253050	Iamalele	Papua New Guinea	Trobriand Volcanic Province	Lava dome(s)	Subduction zone / Continental crust (> 25 km)	Evidence Credible	194		150.5239	-9.5056
253060	Dawson Strait Group	Papua New Guinea	Trobriand Volcanic Province	Volcanic field	Subduction zone / Continental crust (> 25 km)	Eruption Dated	500	1350	150.88	-9.62
255010	Balbi	Papua New Guinea	Bougainville Volcanic Arc	Stratovolcano	Subduction zone / Crustal thickness unknown	Evidence Credible	2715		155.0008	-5.9156
255011	Billy Mitchell	Papua New Guinea	Bougainville Volcanic Arc	Caldera	Subduction zone / Crustal thickness unknown	Eruption Dated	1544	1580	155.2254	-6.0898
255020	Bagana	Papua New Guinea	Bougainville Volcanic Arc	Lava cone	Subduction zone / Crustal thickness unknown	Eruption Observed	1855	2026	155.196	-6.137
255021	Takuan Group	Papua New Guinea	Bougainville Volcanic Arc	Compound	Subduction zone / Crustal thickness unknown	Evidence Credible	2210		155.608	-6.442
255030	Loloru	Papua New Guinea	Bougainville Volcanic Arc	Compound	Subduction zone / Crustal thickness unknown	Eruption Dated	1887	-1050	155.62	-6.52
255050	Simbo	Solomon Islands	Solomon Volcanic Province	Stratovolcano(es)	Subduction zone / Crustal thickness unknown	Eruption Dated	335	1910	156.52	-8.292
255052	Kana Keoki	Solomon Islands	Solomon Volcanic Province	Stratovolcano	Subduction zone / Crustal thickness unknown	Evidence Credible	-700		157.03	-8.75
255053	Coleman Seamount	Solomon Islands	Solomon Volcanic Province	Stratovolcano	Subduction zone / Crustal thickness unknown	Evidence Credible	-717		157.16	-8.841
255060	Kavachi	Solomon Islands	Solomon Volcanic Province	Stratovolcano	Subduction zone / Crustal thickness unknown	Eruption Observed	-20	2014	157.979	-8.991
255061	New Georgia at 8.9°S	Solomon Islands	Solomon Volcanic Province	Stratovolcano	Subduction zone / Crustal thickness unknown	Evidence Credible	-240		158.03	-8.92
255070	Savo	Solomon Islands	Solomon Volcanic Province	Stratovolcano	Subduction zone / Crustal thickness unknown	Eruption Observed	455	1847	159.8119	-9.1324
256010	Tinakula	Solomon Islands	Vanuatu Volcanic Arc	Stratovolcano	Subduction zone / Crustal thickness unknown	Eruption Observed	796	2024	165.804	-10.386
257001	Motlav	Vanuatu	Vanuatu Volcanic Arc	Stratovolcano	Subduction zone / Intermediate crust (15-25 km)	Evidence Credible	411		167.67	-13.67
257010	Suretamatai	Vanuatu	Vanuatu Volcanic Arc	Complex	Subduction zone / Intermediate crust (15-25 km)	Eruption Observed	921	1966	167.47	-13.8
257020	Gaua	Vanuatu	Vanuatu Volcanic Arc	Stratovolcano	Subduction zone / Intermediate crust (15-25 km)	Eruption Observed	729	2022	167.514	-14.281
257030	Ambae	Vanuatu	Vanuatu Volcanic Arc	Shield	Subduction zone / Intermediate crust (15-25 km)	Eruption Observed	1496	2026	167.835	-15.389
257040	Ambrym	Vanuatu	Vanuatu Volcanic Arc	Shield(pyroclastic)	Subduction zone / Intermediate crust (15-25 km)	Eruption Observed	1334	2024	168.12	-16.25
257050	Lopevi	Vanuatu	Vanuatu Volcanic Arc	Stratovolcano	Subduction zone / Intermediate crust (15-25 km)	Eruption Observed	1413	2007	168.346	-16.507
257060	East Epi	Vanuatu	Vanuatu Volcanic Arc	Stratovolcano(es)	Subduction zone / Intermediate crust (15-25 km)	Eruption Observed	833	2023	168.3893	-16.6797
257070	Kuwae	Vanuatu	Vanuatu Volcanic Arc	Caldera	Subduction zone / Intermediate crust (15-25 km)	Eruption Observed	-2	1974	168.5227	-16.8304
257081	Nguna-Emau	Vanuatu	Vanuatu Volcanic Arc	Stratovolcano(es)	Subduction zone / Intermediate crust (15-25 km)	Evidence Credible	589		168.353	-17.4522
257090	Traitor's Head	Vanuatu	Vanuatu Volcanic Arc	Stratovolcano	Subduction zone / Intermediate crust (15-25 km)	Eruption Observed	817	1881	169.238	-18.754
257100	Yasur	Vanuatu	Vanuatu Volcanic Arc	Stratovolcano	Subduction zone / Intermediate crust (15-25 km)	Eruption Observed	361	2026	169.447	-19.532
258001	Gemini-Oscostar	Vanuatu	Vanuatu Volcanic Arc	Stratovolcano	Rift zone / Oceanic crust (< 15 km)	Eruption Observed	-33	1996	170.13	-20.957
258010	Matthew Island	France - claimed by Vanuatu	Vanuatu Volcanic Arc	Stratovolcano	Subduction zone / Crustal thickness unknown	Eruption Observed	177	1956	171.32	-22.33
258020	Hunter Island	France - claimed by Vanuatu	Vanuatu Volcanic Arc	Stratovolcano	Subduction zone / Crustal thickness unknown	Eruption Observed	297	1903	172.05	-22.4
259010	Newer Volcanics Province	Australia	Southeastern Australia Volcanic Province	Volcanic field	Intraplate / Continental crust (> 25 km)	Eruption Dated	1011	-2900	142.5	-37.77
259804	McBride Volcanic Province	Australia	Northeastern Australia Volcanic Province	Volcanic field	Intraplate / Continental crust (> 25 km)	Eruption Dated	1020	-5050	144.567	-18.367
260010	Barren Island	India	Andaman Volcanic Province	Stratovolcano	Subduction zone / Continental crust (> 25 km)	Eruption Observed	354	2026	93.858	12.278
261030	Peuet Sague	Indonesia	Sunda Volcanic Arc	Complex	Subduction zone / Continental crust (> 25 km)	Eruption Observed	2785	2000	96.289	4.903
261050	Telong, Bur ni	Indonesia	Sunda Volcanic Arc	Stratovolcano	Subduction zone / Continental crust (> 25 km)	Eruption Observed	2617	1937	96.821	4.769
261070	Singkut	Indonesia	Sunda Volcanic Arc	Caldera(s)	Subduction zone / Continental crust (> 25 km)	Eruption Observed	2181	1881	98.5127	3.2379
261080	Sinabung	Indonesia	Sunda Volcanic Arc	Stratovolcano	Subduction zone / Continental crust (> 25 km)	Eruption Observed	2460	2021	98.392	3.17
261120	Sorikmarapi	Indonesia	Sunda Volcanic Arc	Stratovolcano	Subduction zone / Continental crust (> 25 km)	Eruption Observed	2145	1986	99.5409	0.6834
261121	Malintang	Indonesia	Sunda Volcanic Arc	Stratovolcano	Subduction zone / Continental crust (> 25 km)	Evidence Credible	1988		99.6628	0.4756
261130	Talakmau	Indonesia	Sunda Volcanic Arc	Complex	Subduction zone / Continental crust (> 25 km)	Evidence Credible	2911		99.984	0.0787
261140	Marapi	Indonesia	Sunda Volcanic Arc	Complex	Subduction zone / Continental crust (> 25 km)	Eruption Observed	2885	2026	100.474	-0.38
261150	Tandikat-Singgalang	Indonesia	Sunda Volcanic Arc	Stratovolcano(es)	Subduction zone / Continental crust (> 25 km)	Eruption Observed	2879	1924	100.3192	-0.4311
261160	Talang	Indonesia	Sunda Volcanic Arc	Stratovolcano	Subduction zone / Continental crust (> 25 km)	Eruption Observed	2575	2007	100.681	-0.979
261170	Kerinci	Indonesia	Sunda Volcanic Arc	Stratovolcano	Subduction zone / Continental crust (> 25 km)	Eruption Observed	3800	2024	101.264	-1.697
261180	Sumbing	Indonesia	Sunda Volcanic Arc	Stratovolcano	Subduction zone / Continental crust (> 25 km)	Eruption Observed	2507	1921	101.728	-2.414
261220	Kaba	Indonesia	Sunda Volcanic Arc	Stratovolcano	Subduction zone / Continental crust (> 25 km)	Eruption Observed	1962	2000	102.6261	-3.5156
261230	Dempo	Indonesia	Sunda Volcanic Arc	Stratovolcano(es)	Subduction zone / Continental crust (> 25 km)	Eruption Observed	3142	2025	103.121	-4.016
261231	Patah	Indonesia	Sunda Volcanic Arc	Stratovolcano?	Subduction zone / Continental crust (> 25 km)	Unrest / Holocene	2836		103.306	-4.257
261251	Ranau	Indonesia	Sunda Volcanic Arc	Caldera	Subduction zone / Continental crust (> 25 km)	Evidence Uncertain	1854		103.925	-4.871
261270	Suoh	Indonesia	Sunda Volcanic Arc	Caldera(s)	Subduction zone / Continental crust (> 25 km)	Eruption Observed	1000	2024	104.27	-5.25
262000	Krakatau	Indonesia	Sunda Volcanic Arc	Caldera	Subduction zone / Continental crust (> 25 km)	Eruption Observed	285	2024	105.4233	-6.1009
263010	Pulosari	Indonesia	Sunda Volcanic Arc	Stratovolcano	Subduction zone / Continental crust (> 25 km)	Evidence Credible	1324		105.978	-6.343
263020	Karang	Indonesia	Sunda Volcanic Arc	Stratovolcano	Subduction zone / Continental crust (> 25 km)	Evidence Uncertain	1768		106.05	-6.268
263040	Perbakti-Gagak	Indonesia	Sunda Volcanic Arc	Stratovolcano(es)	Subduction zone / Continental crust (> 25 km)	Eruption Observed	1726	1939	106.675	-6.75
263050	Salak	Indonesia	Sunda Volcanic Arc	Stratovolcano	Subduction zone / Continental crust (> 25 km)	Eruption Observed	2218	1938	106.733	-6.716
263060	Gede-Pangrango	Indonesia	Sunda Volcanic Arc	Stratovolcano(es)	Subduction zone / Continental crust (> 25 km)	Eruption Observed	3026	1957	106.983	-6.786
263070	Patuha	Indonesia	Sunda Volcanic Arc	Stratovolcano	Subduction zone / Continental crust (> 25 km)	Evidence Credible	2422		107.4	-7.162
263090	Tangkuban Parahu	Indonesia	Sunda Volcanic Arc	Stratovolcano	Subduction zone / Continental crust (> 25 km)	Eruption Observed	2084	2019	107.6	-6.77
263100	Papandayan	Indonesia	Sunda Volcanic Arc	Stratovolcano(es)	Subduction zone / Continental crust (> 25 km)	Eruption Observed	2643	2002	107.7306	-7.3175
263130	Guntur	Indonesia	Sunda Volcanic Arc	Complex	Subduction zone / Continental crust (> 25 km)	Eruption Observed	2251	1847	107.841	-7.143
263131	Tampomas	Indonesia	Sunda Volcanic Arc	Stratovolcano	Subduction zone / Continental crust (> 25 km)	Evidence Credible	1690		107.9612	-6.7639
263140	Galunggung	Indonesia	Sunda Volcanic Arc	Stratovolcano	Subduction zone / Continental crust (> 25 km)	Eruption Observed	2168	1984	108.058	-7.25
263150	Talagabodas	Indonesia	Sunda Volcanic Arc	Stratovolcano	Subduction zone / Continental crust (> 25 km)	Unrest / Holocene	2201		108.07	-7.208
263170	Ciremai	Indonesia	Sunda Volcanic Arc	Stratovolcano	Subduction zone / Continental crust (> 25 km)	Eruption Observed	3039	1951	108.408	-6.895
263180	Slamet	Indonesia	Sunda Volcanic Arc	Stratovolcano	Subduction zone / Continental crust (> 25 km)	Eruption Observed	3428	2014	109.208	-7.242
263200	Dieng Volcanic Complex	Indonesia	Sunda Volcanic Arc	Complex	Subduction zone / Continental crust (> 25 km)	Eruption Observed	2565	2025	109.879	-7.2
263210	Sundoro	Indonesia	Sunda Volcanic Arc	Stratovolcano	Subduction zone / Continental crust (> 25 km)	Eruption Observed	3149	1971	109.997	-7.3014
263220	Sumbing	Indonesia	Sunda Volcanic Arc	Stratovolcano	Subduction zone / Continental crust (> 25 km)	Eruption Observed	3370	1730	110.0747	-7.3819
263240	Merbabu	Indonesia	Sunda Volcanic Arc	Stratovolcano	Subduction zone / Continental crust (> 25 km)	Eruption Observed	3118	1797	110.44	-7.454
263250	Merapi	Indonesia	Sunda Volcanic Arc	Stratovolcano	Subduction zone / Continental crust (> 25 km)	Eruption Observed	2910	2026	110.446	-7.54
263260	Lawu	Indonesia	Sunda Volcanic Arc	Stratovolcano	Subduction zone / Continental crust (> 25 km)	Evidence Uncertain	3265		111.192	-7.625
263280	Kelud	Indonesia	Sunda Volcanic Arc	Stratovolcano	Subduction zone / Continental crust (> 25 km)	Eruption Observed	1730	2014	112.314	-7.935
263281	Kawi-Butak	Indonesia	Sunda Volcanic Arc	Stratovolcano(es)	Subduction zone / Continental crust (> 25 km)	Evidence Credible	2651		112.45	-7.92
263290	Arjuno-Welirang	Indonesia	Sunda Volcanic Arc	Stratovolcano	Subduction zone / Continental crust (> 25 km)	Eruption Observed	3343	1952	112.575	-7.733
263291	Penanggungan	Indonesia	Sunda Volcanic Arc	Stratovolcano	Subduction zone / Continental crust (> 25 km)	Evidence Credible	1631		112.62	-7.616
263300	Semeru	Indonesia	Sunda Volcanic Arc	Stratovolcano	Subduction zone / Continental crust (> 25 km)	Eruption Observed	3657	2026	112.922	-8.108
263310	Tengger Caldera	Indonesia	Sunda Volcanic Arc	Stratovolcano(es)	Subduction zone / Continental crust (> 25 km)	Eruption Observed	2329	2023	112.95	-7.942
263320	Lamongan	Indonesia	Sunda Volcanic Arc	Stratovolcano	Subduction zone / Continental crust (> 25 km)	Eruption Observed	1641	1898	113.341	-7.981
263330	Iyang-Argapura	Indonesia	Sunda Volcanic Arc	Complex	Subduction zone / Continental crust (> 25 km)	Evidence Credible	3088		113.57	-7.97
263340	Raung	Indonesia	Sunda Volcanic Arc	Stratovolcano	Subduction zone / Continental crust (> 25 km)	Eruption Observed	3260	2025	114.056	-8.119
263350	Ijen	Indonesia	Sunda Volcanic Arc	Stratovolcano(es)	Subduction zone / Continental crust (> 25 km)	Eruption Observed	2769	1999	114.242	-8.058
263351	Baluran	Indonesia	Sunda Volcanic Arc	Stratovolcano	Subduction zone / Continental crust (> 25 km)	Evidence Uncertain	1247		114.37	-7.85
264001	Buyan-Bratan	Indonesia	Sunda Volcanic Arc	Caldera	Subduction zone / Continental crust (> 25 km)	Evidence Credible	2244		115.133	-8.283
264010	Batur	Indonesia	Sunda Volcanic Arc	Caldera	Subduction zone / Continental crust (> 25 km)	Eruption Observed	1711	2000	115.3775	-8.2403
264020	Agung	Indonesia	Sunda Volcanic Arc	Stratovolcano	Subduction zone / Continental crust (> 25 km)	Eruption Observed	2997	2022	115.508	-8.343
264030	Rinjani	Indonesia	Sunda Volcanic Arc	Stratovolcano	Subduction zone / Continental crust (> 25 km)	Eruption Observed	3726	2016	116.47	-8.42
264040	Tambora	Indonesia	Sunda Volcanic Arc	Stratovolcano	Subduction zone / Continental crust (> 25 km)	Eruption Observed	2850	1967	118.0	-8.25
264050	Sangeang Api	Indonesia	Sunda Volcanic Arc	Complex	Subduction zone / Continental crust (> 25 km)	Eruption Observed	1912	2022	119.07	-8.2
264060	Sano, Wai	Indonesia	Sunda Volcanic Arc	Caldera	Subduction zone / Continental crust (> 25 km)	Evidence Credible	1319		120.0074	-8.7345
264071	Ranakah	Indonesia	Sunda Volcanic Arc	Lava dome(s)	Subduction zone / Continental crust (> 25 km)	Eruption Observed	2288	1991	120.5302	-8.637
264080	Inierie	Indonesia	Sunda Volcanic Arc	Stratovolcano	Subduction zone / Crustal thickness unknown	Eruption Dated	2245	-8050	120.95	-8.875
264090	Inielika	Indonesia	Sunda Volcanic Arc	Complex	Subduction zone / Crustal thickness unknown	Eruption Observed	1559	2001	120.98	-8.73
264100	Ebulobo	Indonesia	Sunda Volcanic Arc	Stratovolcano	Subduction zone / Crustal thickness unknown	Eruption Observed	2096	1969	121.191	-8.817
264110	Iya	Indonesia	Sunda Volcanic Arc	Stratovolcano	Subduction zone / Crustal thickness unknown	Eruption Observed	618	1969	121.641	-8.891
264140	Kelimutu	Indonesia	Sunda Volcanic Arc	Complex	Subduction zone / Crustal thickness unknown	Eruption Observed	1639	1968	121.82	-8.77
264150	Paluweh	Indonesia	Sunda Volcanic Arc	Stratovolcano	Subduction zone / Crustal thickness unknown	Eruption Observed	875	2013	121.708	-8.32
264160	Egon	Indonesia	Sunda Volcanic Arc	Stratovolcano	Subduction zone / Crustal thickness unknown	Eruption Observed	1661	2008	122.455	-8.676
264180	Lewotobi	Indonesia	Sunda Volcanic Arc	Stratovolcano(es)	Subduction zone / Crustal thickness unknown	Eruption Observed	1703	2026	122.775	-8.542
264220	Iliboleng	Indonesia	Sunda Volcanic Arc	Stratovolcano	Subduction zone / Crustal thickness unknown	Eruption Observed	1659	1993	123.258	-8.342
264230	Lewotolok	Indonesia	Sunda Volcanic Arc	Stratovolcano	Subduction zone / Crustal thickness unknown	Eruption Observed	1431	2026	123.508	-8.274
264240	Ililabalekan	Indonesia	Sunda Volcanic Arc	Stratovolcano	Subduction zone / Crustal thickness unknown	Unrest / Holocene	1018		123.38	-8.55
264250	Iliwerung	Indonesia	Sunda Volcanic Arc	Complex	Subduction zone / Crustal thickness unknown	Eruption Observed	583	2021	123.573	-8.532
264260	Tara, Batu	Indonesia	Sunda Volcanic Arc	Stratovolcano	Subduction zone / Oceanic crust (< 15 km)	Eruption Observed	633	2015	123.585	-7.791
264270	Sirung	Indonesia	Sunda Volcanic Arc	Complex	Subduction zone / Crustal thickness unknown	Eruption Observed	1347	2021	124.1306	-8.4972
265040	Wurlali	Indonesia	Inner Banda Volcanic Arc	Stratovolcano	Subduction zone / Oceanic crust (< 15 km)	Eruption Observed	868	1892	128.675	-7.125
265050	Teon	Indonesia	Inner Banda Volcanic Arc	Stratovolcano	Subduction zone / Oceanic crust (< 15 km)	Eruption Observed	728	1904	129.144	-6.976
265060	Nila	Indonesia	Inner Banda Volcanic Arc	Stratovolcano	Subduction zone / Oceanic crust (< 15 km)	Eruption Observed	781	1968	129.5	-6.73
265070	Serua	Indonesia	Inner Banda Volcanic Arc	Stratovolcano	Subduction zone / Oceanic crust (< 15 km)	Eruption Observed	608	1921	130.017	-6.312
265080	Manuk	Indonesia	Inner Banda Volcanic Arc	Stratovolcano	Subduction zone / Oceanic crust (< 15 km)	Unrest / Holocene	257		130.303	-5.543
265090	Banda Api	Indonesia	Inner Banda Volcanic Arc	Caldera	Subduction zone / Oceanic crust (< 15 km)	Eruption Observed	596	1988	129.881	-4.523
266010	Colo	Indonesia	Sangihe Volcanic Arc	Stratovolcano	Subduction zone / Continental crust (> 25 km)	Eruption Observed	404	1983	121.601	-0.162
266020	Ambang	Indonesia	Sangihe Volcanic Arc	Complex	Subduction zone / Continental crust (> 25 km)	Eruption Observed	1795	2005	124.42	0.75
266030	Soputan	Indonesia	Sangihe Volcanic Arc	Stratovolcano	Subduction zone / Continental crust (> 25 km)	Eruption Observed	1785	2020	124.737	1.112
266100	Lokon-Empung	Indonesia	Sangihe Volcanic Arc	Stratovolcano(es)	Subduction zone / Continental crust (> 25 km)	Eruption Observed	1580	2015	124.7992	1.3644
266110	Mahawu	Indonesia	Sangihe Volcanic Arc	Stratovolcano	Subduction zone / Continental crust (> 25 km)	Eruption Observed	1299	1977	124.865	1.352
266120	Klabat	Indonesia	Sangihe Volcanic Arc	Stratovolcano	Subduction zone / Continental crust (> 25 km)	Unrest / Holocene	1968		125.031	1.454
266130	Tangkoko-Duasudara	Indonesia	Sangihe Volcanic Arc	Stratovolcano	Subduction zone / Continental crust (> 25 km)	Eruption Observed	1334	1880	125.185	1.518
267010	Ruang	Indonesia	Sangihe Volcanic Arc	Stratovolcano	Subduction zone / Oceanic crust (< 15 km)	Eruption Observed	703	2024	125.3671	2.3058
267020	Karangetang	Indonesia	Sangihe Volcanic Arc	Stratovolcano	Subduction zone / Oceanic crust (< 15 km)	Eruption Observed	1797	2023	125.407	2.781
267030	Banua Wuhu	Indonesia	Sangihe Volcanic Arc	Complex	Subduction zone / Oceanic crust (< 15 km)	Eruption Observed	-5	1919	125.4422	3.1463
267040	Awu	Indonesia	Sangihe Volcanic Arc	Stratovolcano	Subduction zone / Oceanic crust (< 15 km)	Eruption Observed	1318	2004	125.447	3.689
268001	Tarakan	Indonesia	Halmahera Volcanic Arc	Pyroclastic cone(s)	Subduction zone / Oceanic crust (< 15 km)	Evidence Credible	317		127.825	1.832
268010	Dukono	Indonesia	Halmahera Volcanic Arc	Complex	Subduction zone / Oceanic crust (< 15 km)	Eruption Observed	1273	2026	127.8783	1.6992
268020	Tobaru	Indonesia	Halmahera Volcanic Arc	Stratovolcano	Subduction zone / Oceanic crust (< 15 km)	Evidence Credible	1035		127.67	1.63
268030	Ibu	Indonesia	Halmahera Volcanic Arc	Stratovolcano	Subduction zone / Oceanic crust (< 15 km)	Eruption Observed	1357	2026	127.6324	1.4941
268040	Gamkonora	Indonesia	Halmahera Volcanic Arc	Stratovolcano	Subduction zone / Oceanic crust (< 15 km)	Eruption Observed	1635	2007	127.53	1.38
268050	Todoko-Ranu	Indonesia	Halmahera Volcanic Arc	Caldera(s)	Subduction zone / Oceanic crust (< 15 km)	Evidence Credible	979		127.4556	1.2389
268051	Jailolo	Indonesia	Halmahera Volcanic Arc	Stratovolcano	Subduction zone / Oceanic crust (< 15 km)	Evidence Credible	993		127.439	1.08
268052	Hiri	Indonesia	Halmahera Volcanic Arc	Stratovolcano	Subduction zone / Oceanic crust (< 15 km)	Evidence Credible	687		127.317	0.8971
268060	Gamalama	Indonesia	Halmahera Volcanic Arc	Stratovolcano(es)	Subduction zone / Oceanic crust (< 15 km)	Eruption Observed	1714	2018	127.3322	0.81
268061	Kie Matubu	Indonesia	Halmahera Volcanic Arc	Stratovolcano	Subduction zone / Oceanic crust (< 15 km)	Eruption Dated	1713	1210	127.4029	0.6623
268062	Mare	Indonesia	Halmahera Volcanic Arc	Stratovolcano	Subduction zone / Oceanic crust (< 15 km)	Evidence Credible	308		127.4	0.57
268063	Moti	Indonesia	Halmahera Volcanic Arc	Stratovolcano	Subduction zone / Oceanic crust (< 15 km)	Evidence Credible	927		127.411	0.454
268070	Kie Besi	Indonesia	Halmahera Volcanic Arc	Stratovolcano	Subduction zone / Oceanic crust (< 15 km)	Eruption Observed	1357	1988	127.4	0.32
271011	Melebingoy	Philippines	Mindanao Volcanic Province	Stratovolcano	Subduction zone / Continental crust (> 25 km)	Eruption Observed	1824	1641	124.892	6.113
271020	Matutum	Philippines	Mindanao Volcanic Province	Stratovolcano	Subduction zone / Continental crust (> 25 km)	Eruption Dated	2262	1290	125.0765	6.3604
271031	Leonard Range	Philippines	Eastern Philippine Volcanic Arc	Stratovolcano	Subduction zone / Continental crust (> 25 km)	Eruption Dated	1080	80	126.047	7.382
271040	Makaturing	Philippines	Mindanao Volcanic Province	Stratovolcano	Subduction zone / Continental crust (> 25 km)	Eruption Observed	1818	1882	124.317	7.644
271060	Ragang	Philippines	Mindanao Volcanic Province	Stratovolcano	Subduction zone / Continental crust (> 25 km)	Eruption Observed	2790	1916	124.507	7.691
271070	Musuan	Philippines	Mindanao Volcanic Province	Lava dome	Subduction zone / Continental crust (> 25 km)	Evidence Uncertain	610		125.0697	7.8765
271080	Camiguin	Philippines	Mindanao Volcanic Province	Stratovolcano(es)	Subduction zone / Continental crust (> 25 km)	Eruption Observed	1552	1953	124.673	9.203
272020	Kanlaon	Philippines	Negros-Sulu Volcanic Arc	Stratovolcano	Subduction zone / Continental crust (> 25 km)	Eruption Observed	2422	2026	123.13	10.4096
272050	Cabalían	Philippines	Eastern Philippine Volcanic Arc	Stratovolcano	Subduction zone / Continental crust (> 25 km)	Eruption Dated	912	1820	125.218	10.285
272080	Biliran	Philippines	Eastern Philippine Volcanic Arc	Compound	Subduction zone / Continental crust (> 25 km)	Eruption Observed	1301	1939	124.535	11.523
273010	Bulusan	Philippines	Eastern Philippine Volcanic Arc	Stratovolcano(es)	Subduction zone / Continental crust (> 25 km)	Eruption Observed	1535	2025	124.056	12.769
273030	Mayon	Philippines	Eastern Philippine Volcanic Arc	Stratovolcano	Subduction zone / Continental crust (> 25 km)	Eruption Observed	2462	2026	123.685	13.257
273041	Iriga	Philippines	Eastern Philippine Volcanic Arc	Stratovolcano	Subduction zone / Continental crust (> 25 km)	Evidence Credible	1138		123.451	13.458
273042	Isarog	Philippines	Eastern Philippine Volcanic Arc	Stratovolcano	Subduction zone / Continental crust (> 25 km)	Eruption Dated	1966	-3500	123.38	13.658
273050	Banahaw	Philippines	Luzon Volcanic Arc	Complex	Subduction zone / Continental crust (> 25 km)	Evidence Credible	2158		121.48	14.07
273060	San Pablo Volcanic Field	Philippines	Luzon Volcanic Arc	Volcanic field	Subduction zone / Continental crust (> 25 km)	Eruption Dated	1090	1350	121.3	14.12
273070	Taal	Philippines	Luzon Volcanic Arc	Caldera	Subduction zone / Continental crust (> 25 km)	Eruption Observed	311	2026	120.9975	14.0106
273083	Pinatubo	Philippines	Luzon Volcanic Arc	Stratovolcano	Subduction zone / Continental crust (> 25 km)	Eruption Observed	1486	2021	120.35	15.13
273090	Cagua	Philippines	Luzon Volcanic Arc	Stratovolcano	Subduction zone / Continental crust (> 25 km)	Eruption Observed	1133	1860	122.123	18.222
274010	Camiguin de Babuyanes	Philippines	Luzon Volcanic Arc	Stratovolcano	Subduction zone / Crustal thickness unknown	Eruption Observed	712	1857	121.86	18.83
274020	Didicas	Philippines	Luzon Volcanic Arc	Compound	Subduction zone / Crustal thickness unknown	Eruption Observed	228	1978	122.202	19.077
274030	Babuyan Claro	Philippines	Luzon Volcanic Arc	Stratovolcano(es)	Subduction zone / Crustal thickness unknown	Eruption Observed	1064	1924	121.95	19.524
274060	Iraya	Philippines	Luzon Volcanic Arc	Stratovolcano	Subduction zone / Crustal thickness unknown	Eruption Observed	1009	1454	122.01	20.469
275001	Hainan Volcanic Field	China	Southeast Asia Volcanic Province	Volcanic field	Intraplate / Continental crust (> 25 km)	Eruption Observed	196	1933	110.229	19.905
275020	Ly Son Group	Vietnam	Southeast Asia Volcanic Province	Volcanic field	Intraplate / Continental crust (> 25 km)	Evidence Credible	157		109.12	15.38
275060	Cendres, Ile des	Vietnam	Southeast Asia Volcanic Province	Volcanic field	Intraplate / Continental crust (> 25 km)	Eruption Observed	-20	1923	109.014	10.158
275080	Popa	Burma (Myanmar)	Southeast Asia Volcanic Province	Stratovolcano	Intraplate / Continental crust (> 25 km)	Eruption Dated	1518	-6050	95.25	20.92
275110	Tengchong	China	Southeast Asia Volcanic Province	Volcanic field	Intraplate / Continental crust (> 25 km)	Eruption Dated	2865	-5750	98.5	25.23
281031	Kueishantao	Taiwan	Ryukyu Volcanic Arc	Stratovolcano	Subduction zone / Continental crust (> 25 km)	Eruption Observed	361	1853	121.953	24.841
281032	Tatun Volcanic Group	Taiwan	Ryukyu Volcanic Arc	Lava dome(s)	Subduction zone / Continental crust (> 25 km)	Eruption Dated	1120	648	121.553	25.178
282010	Submarine Volcano NNE of Iriomotejima	Japan	Ryukyu Volcanic Arc	Stratovolcano	Subduction zone / Oceanic crust (< 15 km)	Eruption Observed	-200	1924	123.93	24.57
282020	Io-Torishima	Japan	Ryukyu Volcanic Arc	Complex	Subduction zone / Oceanic crust (< 15 km)	Eruption Observed	212	1968	128.223	27.881
282021	Yokoatejima	Japan	Ryukyu Volcanic Arc	Stratovolcano(es)	Subduction zone / Oceanic crust (< 15 km)		495	1835	128.9958	28.7994
282022	Akusekijima	Japan	Ryukyu Volcanic Arc	Stratovolcano(es)	Subduction zone / Oceanic crust (< 15 km)	Evidence Uncertain	555		129.594	29.465
282030	Suwanosejima	Japan	Ryukyu Volcanic Arc	Stratovolcano(es)	Subduction zone / Oceanic crust (< 15 km)	Eruption Observed	796	2026	129.714	29.638
282040	Nakanoshima	Japan	Ryukyu Volcanic Arc	Stratovolcano(es)	Subduction zone / Oceanic crust (< 15 km)	Eruption Observed	979	1914	129.857	29.859
282043	Kuchinoshima	Japan	Ryukyu Volcanic Arc	Stratovolcano(es)	Subduction zone / Oceanic crust (< 15 km)	Eruption Dated	628	1190	129.926	29.968
282050	Kuchinoerabujima	Japan	Ryukyu Volcanic Arc	Stratovolcano(es)	Subduction zone / Oceanic crust (< 15 km)	Eruption Observed	657	2020	130.217	30.443
282060	Kikai	Japan	Ryukyu Volcanic Arc	Caldera	Subduction zone / Oceanic crust (< 15 km)	Eruption Observed	704	2025	130.305	30.793
282070	Ata	Japan	Ryukyu Volcanic Arc	Caldera(s)	Subduction zone / Continental crust (> 25 km)	Eruption Observed	924	885	130.57	31.22
282080	Aira	Japan	Ryukyu Volcanic Arc	Caldera	Subduction zone / Continental crust (> 25 km)	Eruption Observed	1117	2026	130.6589	31.5772
282081	Yonemaru-Sumiyoshiike	Japan	Ryukyu Volcanic Arc	Maar(s)	Subduction zone / Continental crust (> 25 km)	Eruption Dated	40	-6200	130.592	31.771
282090	Kirishimayama	Japan	Ryukyu Volcanic Arc	Shield	Subduction zone / Continental crust (> 25 km)	Eruption Observed	1700	2025	130.862	31.934
282091	Fukue	Japan	Nankai Volcanic Arc	Volcanic field	Subduction zone / Continental crust (> 25 km)	Eruption Dated	315	-400	128.849	32.657
282100	Unzendake	Japan	Nankai Volcanic Arc	Complex	Subduction zone / Continental crust (> 25 km)	Eruption Observed	1483	1996	130.299	32.761
282110	Asosan	Japan	Nankai Volcanic Arc	Caldera	Subduction zone / Continental crust (> 25 km)	Eruption Observed	1592	2021	131.085	32.8849
282120	Kujusan	Japan	Nankai Volcanic Arc	Stratovolcano(es)	Subduction zone / Continental crust (> 25 km)	Eruption Observed	1791	1996	131.249	33.086
282130	Yufu-Tsurumi	Japan	Nankai Volcanic Arc	Lava dome(s)	Subduction zone / Continental crust (> 25 km)	Eruption Observed		867	131.39	33.282
283001	Abu	Japan	Nankai Volcanic Arc	Volcanic field	Subduction zone / Continental crust (> 25 km)	Eruption Dated	641	-6850	131.5167	34.4833
283002	Sanbesan	Japan	Nankai Volcanic Arc	Stratovolcano	Subduction zone / Continental crust (> 25 km)	Eruption Dated	1126	650	132.622	35.141
283010	Izu-Tobu	Japan	Izu Volcanic Arc	Pyroclastic cone(s)	Subduction zone / Continental crust (> 25 km)		580	1989	139.095	34.903
283020	Hakoneyama	Japan	Izu Volcanic Arc	Complex	Subduction zone / Continental crust (> 25 km)	Eruption Dated	1438	2015	139.021	35.233
283030	Fujisan	Japan	Izu Volcanic Arc	Stratovolcano	Subduction zone / Continental crust (> 25 km)	Eruption Observed	3776	1708	138.728	35.361
283031	Yokodake	Japan	Northeast Japan Volcanic Arc	Stratovolcano(es)	Subduction zone / Continental crust (> 25 km)		2480	1200	138.32	36.0875
283040	Ontakesan	Japan	Nankai Volcanic Arc	Complex	Subduction zone / Continental crust (> 25 km)		3067	2014	137.4806	35.8931
283050	Hakusan	Japan	Nankai Volcanic Arc	Stratovolcano	Subduction zone / Continental crust (> 25 km)	Eruption Observed	2702	1659	136.771	36.155
283060	Norikuradake	Japan	Nankai Volcanic Arc	Stratovolcano(es)	Subduction zone / Continental crust (> 25 km)	Eruption Dated	3026	-50	137.554	36.106
283069	Akandanayama	Japan	Nankai Volcanic Arc	Stratovolcano		Evidence Credible	2109		137.573	36.2
283070	Yakedake	Japan	Nankai Volcanic Arc	Stratovolcano(es)	Subduction zone / Continental crust (> 25 km)	Eruption Observed	2455	1995	137.587	36.227
283080	Midagahara	Japan	Nankai Volcanic Arc	Stratovolcano	Subduction zone / Continental crust (> 25 km)	Eruption Observed	2621	1839	137.59	36.571
283090	Niigata-Yakeyama	Japan	Northeast Japan Volcanic Arc	Lava dome	Subduction zone / Continental crust (> 25 km)	Eruption Observed	2400	1998	138.036	36.921
283100	Myokosan	Japan	Northeast Japan Volcanic Arc	Stratovolcano	Subduction zone / Continental crust (> 25 km)	Eruption Dated	2454	-750	138.114	36.891
283110	Asamayama	Japan	Northeast Japan Volcanic Arc	Complex	Subduction zone / Continental crust (> 25 km)	Eruption Observed	2568	2019	138.523	36.406
283120	Kusatsu-Shiranesan	Japan	Northeast Japan Volcanic Arc	Stratovolcano(es)	Subduction zone / Continental crust (> 25 km)	Eruption Observed	2165	2018	138.528	36.618
283121	Shiga	Japan	Northeast Japan Volcanic Arc	Shield(s)	Subduction zone / Continental crust (> 25 km)	Evidence Uncertain	2041		138.519	36.688
283122	Harunasan	Japan	Northeast Japan Volcanic Arc	Stratovolcano	Subduction zone / Continental crust (> 25 km)		1449	550	138.8508	36.4775
283130	Akagisan	Japan	Northeast Japan Volcanic Arc	Stratovolcano	Subduction zone / Continental crust (> 25 km)	Evidence Uncertain	1828		139.193	36.56
283131	Hiuchigatake	Japan	Northeast Japan Volcanic Arc	Stratovolcano	Subduction zone / Continental crust (> 25 km)	Eruption Observed	2356	1544	139.285	36.955
283140	Nikko-Shiranesan	Japan	Northeast Japan Volcanic Arc	Shield	Subduction zone / Continental crust (> 25 km)	Eruption Observed	2578	1952	139.376	36.799
283141	Nantaisan	Japan	Northeast Japan Volcanic Arc	Stratovolcano	Subduction zone / Continental crust (> 25 km)		2486	-9540	139.4906	36.765
283142	Omanago Group	Japan	Northeast Japan Volcanic Arc	Lava dome(s)	Subduction zone / Continental crust (> 25 km)	Eruption Dated	2341	-3050	139.4756	36.8067
283143	Takaharayama	Japan	Northeast Japan Volcanic Arc	Stratovolcano	Subduction zone / Continental crust (> 25 km)	Eruption Dated	1795	-4570	139.777	36.9
283150	Nasudake	Japan	Northeast Japan Volcanic Arc	Stratovolcano(es)	Subduction zone / Continental crust (> 25 km)		1915	1963	139.9631	37.1247
283151	Numazawa	Japan	Northeast Japan Volcanic Arc	Shield	Subduction zone / Continental crust (> 25 km)	Eruption Dated	835	-3400	139.566	37.444
283160	Bandaisan	Japan	Northeast Japan Volcanic Arc	Stratovolcano	Subduction zone / Continental crust (> 25 km)	Eruption Observed	1816	1888	140.072	37.601
283170	Adatarayama	Japan	Northeast Japan Volcanic Arc	Stratovolcano(es)	Subduction zone / Continental crust (> 25 km)	Eruption Observed	1728	1996	140.281	37.647
283180	Azumayama	Japan	Northeast Japan Volcanic Arc	Stratovolcano(es)	Subduction zone / Continental crust (> 25 km)	Eruption Observed	1949	1977	140.244	37.735
283190	Zaozan [Zaosan]	Japan	Northeast Japan Volcanic Arc	Complex	Subduction zone / Continental crust (> 25 km)		1841	1940	140.4397	38.1439
283191	Hijiori	Japan	Northeast Japan Volcanic Arc	Caldera	Subduction zone / Continental crust (> 25 km)	Evidence Credible	552		140.1617	38.5992
283200	Naruko	Japan	Northeast Japan Volcanic Arc	Caldera	Subduction zone / Continental crust (> 25 km)	Eruption Observed	470	837	140.734	38.729
283210	Kurikomayama	Japan	Northeast Japan Volcanic Arc	Stratovolcano	Subduction zone / Continental crust (> 25 km)	Eruption Observed		1950	140.788	38.961
283220	Chokaisan	Japan	Northeast Japan Volcanic Arc	Stratovolcano(es)	Subduction zone / Continental crust (> 25 km)		2236	1974	140.0489	39.0994
283230	Akita-Komagatake	Japan	Northeast Japan Volcanic Arc	Stratovolcano(es)	Subduction zone / Continental crust (> 25 km)	Eruption Observed	1637	1971	140.799	39.761
283240	Iwatesan	Japan	Northeast Japan Volcanic Arc	Complex	Subduction zone / Continental crust (> 25 km)	Eruption Observed	2038	1919	141.001	39.853
283250	Hachimantai	Japan	Northeast Japan Volcanic Arc	Stratovolcano	Subduction zone / Continental crust (> 25 km)	Eruption Dated	1613	-5350	140.854	39.958
283260	Akita-Yakeyama	Japan	Northeast Japan Volcanic Arc	Stratovolcano	Subduction zone / Continental crust (> 25 km)	Eruption Observed	1366	1997	140.757	39.964
283262	Megata	Japan	Northeast Japan Volcanic Arc	Maar(s)	Subduction zone / Continental crust (> 25 km)	Eruption Dated	160	-2050	139.725	39.95
283270	Iwakisan	Japan	Northeast Japan Volcanic Arc	Stratovolcano	Subduction zone / Continental crust (> 25 km)	Eruption Observed	1624	1863	140.303	40.656
283271	Towada	Japan	Northeast Japan Volcanic Arc	Caldera	Subduction zone / Continental crust (> 25 km)	Eruption Observed	1011	915	140.88	40.51
283280	Hakkodasan	Japan	Northeast Japan Volcanic Arc	Stratovolcano(es)	Subduction zone / Continental crust (> 25 km)	Eruption Dated	1584	1550	140.877	40.659
283290	Osorezan	Japan	Northeast Japan Volcanic Arc	Stratovolcano	Subduction zone / Continental crust (> 25 km)	Eruption Observed	878	1787	141.12	41.279
284010	Izu-Oshima	Japan	Izu Volcanic Arc	Stratovolcano	Subduction zone / Oceanic crust (< 15 km)	Eruption Observed	758	1990	139.394	34.724
284011	Toshima	Japan	Izu Volcanic Arc	Stratovolcano	Subduction zone / Oceanic crust (< 15 km)	Eruption Dated	508	-4550	139.279	34.52
284020	Niijima	Japan	Izu Volcanic Arc	Lava dome(s)	Subduction zone / Oceanic crust (< 15 km)	Eruption Observed	432	886	139.27	34.397
284030	Kozushima	Japan	Izu Volcanic Arc	Lava dome(s)	Subduction zone / Oceanic crust (< 15 km)	Eruption Observed	572	838	139.153	34.219
284040	Miyakejima	Japan	Izu Volcanic Arc	Stratovolcano	Subduction zone / Oceanic crust (< 15 km)	Eruption Observed	775	2010	139.526	34.094
284041	Mikurajima	Japan	Izu Volcanic Arc	Stratovolcano	Subduction zone / Oceanic crust (< 15 km)	Eruption Dated	851	-4100	139.602	33.874
284042	Kurose Hole	Japan	Izu Volcanic Arc	Caldera	Subduction zone / Oceanic crust (< 15 km)	Evidence Uncertain	-114		139.68	33.4
284050	Hachijojima	Japan	Izu Volcanic Arc	Stratovolcano(es)	Subduction zone / Oceanic crust (< 15 km)	Eruption Observed	854	1606	139.766	33.137
284060	Aogashima	Japan	Izu Volcanic Arc	Stratovolcano	Subduction zone / Oceanic crust (< 15 km)	Eruption Observed	423	1785	139.759	32.458
284061	Kita-Bayonnaise	Japan	Izu Volcanic Arc	Caldera	Subduction zone / Oceanic crust (< 15 km)	Evidence Uncertain	-360		139.85	32.1
284070	Myojinsho	Japan	Izu Volcanic Arc	Caldera	Subduction zone / Oceanic crust (< 15 km)	Eruption Observed	11	1970	139.918	31.888
284080	Sumisujima	Japan	Izu Volcanic Arc	Caldera	Subduction zone / Oceanic crust (< 15 km)	Eruption Observed	136	1916	140.051	31.44
284090	Izu-Torishima	Japan	Izu Volcanic Arc	Stratovolcano	Subduction zone / Oceanic crust (< 15 km)	Eruption Observed	394	2002	140.303	30.484
284091	Sofugan	Japan	Izu Volcanic Arc	Stratovolcano	Subduction zone / Oceanic crust (< 15 km)	Evidence Uncertain	99		140.342	29.794
284093	Suiyo Seamount	Japan	Ogasawara Volcanic Arc	Stratovolcano	Subduction zone / Crustal thickness unknown	Unrest / Holocene	-991		140.633	28.575
284094	Mokuyo Seamount	Japan	Ogasawara Volcanic Arc	Stratovolcano	Subduction zone / Crustal thickness unknown	Unrest / Holocene	-933		140.572	28.327
284095	Doyo Seamount	Japan	Ogasawara Volcanic Arc	Stratovolcano	Subduction zone / Crustal thickness unknown	Unrest / Holocene	-590		140.8	27.68
284096	Nishinoshima	Japan		Caldera	Subduction zone / Crustal thickness unknown		160	2023	140.8797	27.2439
284097	Kaikata Seamount	Japan	Ogasawara Volcanic Arc	Stratovolcano	Subduction zone / Crustal thickness unknown	Unrest / Holocene	-165		140.929	26.667
284100	Kaitoku Seamount	Japan		Stratovolcano	Subduction zone / Crustal thickness unknown		-95	2023	141.1017	26.1267
284110	Funka Asane	Japan		Stratovolcano	Subduction zone / Crustal thickness unknown		-20	2022	141.2386	25.455
284120	Ioto	Japan	Ogasawara Volcanic Arc	Caldera	Subduction zone / Crustal thickness unknown	Eruption Observed	172	2025	141.289	24.751
284121	Kita-Fukutokutai	Japan	Ogasawara Volcanic Arc	Stratovolcano	Subduction zone / Crustal thickness unknown	Eruption Observed	-73	1954	141.417	24.417
284130	Fukutoku-Oka-no-Ba	Japan	Ogasawara Volcanic Arc	Pyroclastic cone	Subduction zone / Crustal thickness unknown	Eruption Observed	-29	2021	141.481	24.285
284131	Minami-Hiyoshi	Japan	Mariana Volcanic Arc	Stratovolcano	Subduction zone / Crustal thickness unknown	Eruption Observed	-107	1975	141.935	23.5
284132	Nikko	Japan	Mariana Volcanic Arc	Stratovolcano	Subduction zone / Crustal thickness unknown	Unrest / Holocene	-392		142.326	23.078
284133	Fukujin	United States	Mariana Volcanic Arc	Stratovolcano	Subduction zone / Crustal thickness unknown	Eruption Observed	-217	1974	143.47	21.93
284134	Kasuga 1	United States	Mariana Volcanic Arc	Stratovolcano	Subduction zone / Crustal thickness unknown	Eruption Observed	-598	1959	143.71	21.765
284135	Kasuga 2	United States	Mariana Volcanic Arc	Stratovolcano	Subduction zone / Crustal thickness unknown	Evidence Credible	-274		143.637	21.6
284136	NW Eifuku	United States	Mariana Volcanic Arc	Stratovolcano	Subduction zone / Crustal thickness unknown	Unrest / Holocene	-1535		144.043	21.485
284137	Daikoku	United States	Mariana Volcanic Arc	Stratovolcano	Subduction zone / Crustal thickness unknown	Unrest / Holocene	-323		144.194	21.324
284140	Farallon de Pajaros	United States	Mariana Volcanic Arc	Stratovolcano	Subduction zone / Crustal thickness unknown	Eruption Observed	337	1953	144.893	20.546
284141	Ahyi	United States	Mariana Volcanic Arc	Stratovolcano	Subduction zone / Crustal thickness unknown	Eruption Dated	-55	2026	145.03	20.437
284142	Supply Reef	United States	Mariana Volcanic Arc	Stratovolcano	Subduction zone / Crustal thickness unknown	Evidence Uncertain	-8		145.1	20.13
284143	Maug Islands	United States	Mariana Volcanic Arc	Stratovolcano	Subduction zone / Crustal thickness unknown	Unrest / Holocene	227		145.22	20.02
284150	Asuncion	United States	Mariana Volcanic Arc	Stratovolcano	Subduction zone / Crustal thickness unknown	Eruption Observed	857	1906	145.406	19.671
284160	Agrigan	United States	Mariana Volcanic Arc	Stratovolcano	Subduction zone / Crustal thickness unknown	Eruption Observed	965	1917	145.67	18.77
284170	Pagan	United States	Mariana Volcanic Arc	Stratovolcano(es)	Subduction zone / Crustal thickness unknown	Eruption Observed	570	2021	145.8	18.13
284180	Alamagan	United States	Mariana Volcanic Arc	Stratovolcano	Subduction zone / Crustal thickness unknown	Eruption Dated	744	870	145.83	17.6
284190	Guguan	United States	Mariana Volcanic Arc	Stratovolcano	Subduction zone / Crustal thickness unknown	Eruption Observed	232	1883	145.84	17.3137
284191	Zealandia Bank	United States	Mariana Volcanic Arc	Stratovolcano	Subduction zone / Crustal thickness unknown	Unrest / Holocene	0		145.85	16.88
284192	Sarigan	United States	Mariana Volcanic Arc	Stratovolcano	Subduction zone / Crustal thickness unknown	Evidence Credible	494		145.7803	16.6991
284193	South Sarigan Seamount	United States	Mariana Volcanic Arc	Stratovolcano	Subduction zone / Crustal thickness unknown	Eruption Observed	-184	2010	145.78	16.58
284200	Anatahan	United States	Mariana Volcanic Arc	Stratovolcano	Subduction zone / Crustal thickness unknown	Eruption Observed	790	2008	145.67	16.35
284201	East Diamante	United States	Mariana Volcanic Arc	Stratovolcano	Subduction zone / Crustal thickness unknown	Unrest / Holocene	-127		145.67	15.93
284202	Ruby	United States	Mariana Volcanic Arc	Stratovolcano	Subduction zone / Crustal thickness unknown	Eruption Observed	-174	2023	145.572	15.605
284210	Esmeralda Bank	United States	Mariana Volcanic Arc	Stratovolcano	Subduction zone / Crustal thickness unknown	Unrest / Holocene	-74		145.249	14.958
284211	NW Rota-1	United States	Mariana Volcanic Arc	Stratovolcano	Subduction zone / Crustal thickness unknown	Eruption Observed	-455	2010	144.775	14.601
284220	Forecast Seamount	United States	Mariana Volcanic Arc	Stratovolcano	Subduction zone / Crustal thickness unknown	Unrest / Holocene	-1456		143.92	13.4
284230	Seamount X	United States	Mariana Volcanic Arc	Stratovolcano	Subduction zone / Crustal thickness unknown	Unrest / Holocene	-1230		144.02	13.25
284305	Mariana Back-Arc Segment at 15.5°N	United States	Mariana Volcanic Arc	Fissure vent	Subduction zone / Oceanic crust (< 15 km)	Eruption Dated	-4100	2015	144.506	15.406
285010	Oshima-Oshima	Japan	Northeast Japan Volcanic Arc	Stratovolcano	Subduction zone / Continental crust (> 25 km)	Eruption Observed	732	1790	139.367	41.51
285011	Esan	Japan	Northeast Japan Volcanic Arc	Lava dome(s)	Subduction zone / Continental crust (> 25 km)	Eruption Observed	617	1874	141.166	41.805
285020	Hokkaido-Komagatake	Japan	Northeast Japan Volcanic Arc	Stratovolcano	Subduction zone / Continental crust (> 25 km)	Eruption Observed	1131	2000	140.677	42.063
285030	Toya	Japan	Northeast Japan Volcanic Arc	Stratovolcano	Subduction zone / Continental crust (> 25 km)	Eruption Observed	733	2001	140.839	42.544
285031	Niseko	Japan	Northeast Japan Volcanic Arc	Stratovolcano(es)	Subduction zone / Continental crust (> 25 km)	Eruption Dated	1308	-4900	140.659	42.875
285032	Yoteizan	Japan	Northeast Japan Volcanic Arc	Stratovolcano	Subduction zone / Continental crust (> 25 km)	Eruption Dated	1898	-1050	140.812	42.827
285034	Kuttara	Japan	Northeast Japan Volcanic Arc	Stratovolcano(es)	Subduction zone / Continental crust (> 25 km)	Eruption Dated	549	1820	141.16	42.491
285040	Shikotsu	Japan	Northeast Japan Volcanic Arc	Caldera	Subduction zone / Continental crust (> 25 km)	Eruption Observed	1320	1981	141.38	42.688
285041	Rishirizan	Japan	Kuril Volcanic Arc	Stratovolcano	Subduction zone / Continental crust (> 25 km)	Eruption Dated	1721	-5830	141.242	45.179
285050	Tokachidake	Japan	Kuril Volcanic Arc	Stratovolcano(es)	Subduction zone / Continental crust (> 25 km)	Eruption Observed	2077	2004	142.686	43.418
285060	Taisetsuzan	Japan	Kuril Volcanic Arc	Stratovolcano(es)	Subduction zone / Continental crust (> 25 km)	Eruption Dated	2291	1739	142.854	43.664
285061	Maruyama	Japan	Kuril Volcanic Arc	Stratovolcano(es)	Subduction zone / Continental crust (> 25 km)	Eruption Observed	1692	1898	143.031	43.418
285070	Akan	Japan	Kuril Volcanic Arc	Caldera	Subduction zone / Continental crust (> 25 km)		1499	2026	144.0086	43.3864
285080	Kussharo	Japan	Kuril Volcanic Arc	Caldera	Subduction zone / Continental crust (> 25 km)	Eruption Dated	574	1320	144.427	43.615
285081	Mashu	Japan	Kuril Volcanic Arc	Caldera	Subduction zone / Continental crust (> 25 km)	Eruption Dated	857	1080	144.561	43.572
285082	Rausudake	Japan	Kuril Volcanic Arc	Stratovolcano	Subduction zone / Continental crust (> 25 km)	Eruption Dated	1660	1800	145.122	44.076
285083	Tenchozan	Japan	Kuril Volcanic Arc	Crater rows		Eruption Dated	1046		145.086	44.044
285090	Shiretoko-Iozan	Japan	Kuril Volcanic Arc	Stratovolcano	Subduction zone / Continental crust (> 25 km)	Eruption Observed	1562	1936	145.161	44.133
290010	Tomariyama [Golovnin]	Japan - administered by Russia	Kuril Volcanic Arc	Caldera	Subduction zone / Intermediate crust (15-25 km)	Eruption Observed	535	1848	145.504	43.844
290020	Raususan [Mendeleev]	Japan - administered by Russia	Kuril Volcanic Arc	Stratovolcano	Subduction zone / Intermediate crust (15-25 km)	Eruption Observed	882	1880	145.733	43.979
290021	Ruruidake [Smirnov]	Japan - administered by Russia	Kuril Volcanic Arc	Stratovolcano	Subduction zone / Intermediate crust (15-25 km)		1481		146.14	44.4536
290030	Chachadake [Tiatia]	Japan - administered by Russia	Kuril Volcanic Arc	Stratovolcano	Subduction zone / Intermediate crust (15-25 km)		1772	1981	146.2531	44.3536
290040	Berutarubesan [Berutarube]	Japan - administered by Russia	Kuril Volcanic Arc	Stratovolcano	Subduction zone / Intermediate crust (15-25 km)	Evidence Credible	1221		146.932	44.462
290050	Etorofu-Atosanupuri [Atosanupuri]	Japan - administered by Russia	Kuril Volcanic Arc	Stratovolcano	Subduction zone / Intermediate crust (15-25 km)		1209	1932	147.1306	44.8078
290060	Hitokappu Volcano Group [Bogatyr Ridge]	Japan - administered by Russia	Kuril Volcanic Arc	Stratovolcano	Subduction zone / Intermediate crust (15-25 km)	Evidence Credible	1610		147.403	44.857
290070	Etorofu-Yakeyama [Grozny Group]	Japan - administered by Russia	Kuril Volcanic Arc	Complex	Subduction zone / Intermediate crust (15-25 km)		1147	2013	147.8722	45.0114
290072	Odamoisan [Tebenkov]	Japan - administered by Russia	Kuril Volcanic Arc	Stratovolcano	Subduction zone / Intermediate crust (15-25 km)		1208		147.9169	45.0286
290080	Sashiusudake [Baransky]	Japan - administered by Russia	Kuril Volcanic Arc	Stratovolcano	Subduction zone / Intermediate crust (15-25 km)		1128	1951	148.0142	45.1036
290090	Chirippusan [Chirip]	Japan - administered by Russia	Kuril Volcanic Arc	Stratovolcano(es)	Subduction zone / Intermediate crust (15-25 km)	Eruption Observed	1587	1860	147.92	45.338
290100	Moyorodake [Medvezhia]	Japan - administered by Russia	Kuril Volcanic Arc	Stratovolcano	Subduction zone / Intermediate crust (15-25 km)	Eruption Observed	1124	1999	148.838	45.389
290111	Ivao Group	Russia	Kuril Volcanic Arc	Pyroclastic cone(s)	Subduction zone / Intermediate crust (15-25 km)	Evidence Credible	1426		149.6762	45.7593
290120	Kolokol Group	Russia	Kuril Volcanic Arc	Stratovolcano	Subduction zone / Intermediate crust (15-25 km)	Eruption Observed	1328	1973	150.083	46.042
290130	Kuril Arc at 46.3°N	Russia	Kuril Volcanic Arc	Composite	Subduction zone / Crustal thickness unknown	Evidence Uncertain	-100		150.8526	46.2944
290150	Chirpoi	Russia	Kuril Volcanic Arc	Caldera	Subduction zone / Oceanic crust (< 15 km)	Eruption Observed	742	2016	150.871	46.532
290161	Milna	Russia	Kuril Volcanic Arc	Stratovolcano	Subduction zone / Oceanic crust (< 15 km)	Eruption Observed	1504	1914	151.786	46.815
290180	Zavaritzki Caldera	Russia	Kuril Volcanic Arc	Caldera	Subduction zone / Oceanic crust (< 15 km)	Eruption Observed	612	1957	151.9518	46.9178
290190	Prevo Peak	Russia	Kuril Volcanic Arc	Stratovolcano	Subduction zone / Oceanic crust (< 15 km)	Eruption Observed	1360	1825	152.1167	47.0139
290191	Uratman	Russia	Kuril Volcanic Arc	Stratovolcano	Subduction zone / Oceanic crust (< 15 km)	Evidence Credible	678		152.25	47.12
290200	Ketoi	Russia	Kuril Volcanic Arc	Stratovolcano	Subduction zone / Oceanic crust (< 15 km)	Eruption Observed	1172	1960	152.475	47.35
290210	Ushishur	Russia	Kuril Volcanic Arc	Caldera	Subduction zone / Oceanic crust (< 15 km)	Eruption Observed	357	1884	152.8139	47.5125
290211	Srednii	Russia	Kuril Volcanic Arc	Stratovolcano	Subduction zone / Oceanic crust (< 15 km)	Evidence Credible	36		152.893	47.5861
290220	Rasshua	Russia	Kuril Volcanic Arc	Stratovolcano	Subduction zone / Oceanic crust (< 15 km)	Eruption Observed	956	1957	153.02	47.77
290240	Sarychev Peak	Russia	Kuril Volcanic Arc	Stratovolcano	Subduction zone / Intermediate crust (15-25 km)	Eruption Observed	1496	2021	153.2	48.092
290250	Raikoke	Russia	Kuril Volcanic Arc	Stratovolcano	Subduction zone / Intermediate crust (15-25 km)	Eruption Observed	551	2019	153.25	48.292
290260	Chirinkotan	Russia	Kuril Volcanic Arc	Stratovolcano	Subduction zone / Intermediate crust (15-25 km)	Eruption Observed	724	2022	153.48	48.98
290270	Ekarma	Russia	Kuril Volcanic Arc	Stratovolcano	Subduction zone / Intermediate crust (15-25 km)	Eruption Observed	1170	2010	153.93	48.958
290290	Sinarka	Russia	Kuril Volcanic Arc	Stratovolcano	Subduction zone / Intermediate crust (15-25 km)	Eruption Observed	911	1878	154.182	48.873
290300	Kharimkotan	Russia	Kuril Volcanic Arc	Stratovolcano	Subduction zone / Intermediate crust (15-25 km)	Eruption Observed	1145	1933	154.508	49.12
290310	Tao-Rusyr Caldera	Russia	Kuril Volcanic Arc	Stratovolcano	Subduction zone / Intermediate crust (15-25 km)	Eruption Observed	1272	1952	154.725	49.34
290320	Nemo Peak	Russia	Kuril Volcanic Arc	Caldera	Subduction zone / Intermediate crust (15-25 km)	Eruption Observed	994	1938	154.8126	49.5641
290331	Shirinki	Russia	Kuril Volcanic Arc	Stratovolcano	Subduction zone / Continental crust (> 25 km)	Evidence Credible	693		154.9781	50.1973
290340	Fuss Peak	Russia	Kuril Volcanic Arc	Stratovolcano	Subduction zone / Continental crust (> 25 km)	Eruption Observed	1742	1854	155.246	50.267
290350	Karpinsky Group	Russia	Kuril Volcanic Arc	Complex	Subduction zone / Continental crust (> 25 km)	Unrest / Holocene	1326		155.3847	50.1419
290360	Chikurachki	Russia	Kuril Volcanic Arc	Stratovolcano(es)	Subduction zone / Continental crust (> 25 km)	Eruption Observed	1781	2023	155.461	50.324
290370	Vernadsky Ridge	Russia	Kuril Volcanic Arc	Pyroclastic cone(s)	Subduction zone / Continental crust (> 25 km)	Evidence Credible	1183		155.9867	50.5819
290380	Ebeko	Russia	Kuril Volcanic Arc	Stratovolcano	Subduction zone / Continental crust (> 25 km)	Eruption Observed	1103	2024	156.014	50.686
290390	Alaid	Russia	Kuril Volcanic Arc	Stratovolcano	Subduction zone / Continental crust (> 25 km)	Eruption Observed	2285	2022	155.565	50.861
300010	Kambalny	Russia	Kuril Volcanic Arc	Stratovolcano	Subduction zone / Continental crust (> 25 km)	Eruption Dated	2116	2017	156.875	51.306
300020	Koshelev	Russia	Kuril Volcanic Arc	Stratovolcano	Subduction zone / Continental crust (> 25 km)	Eruption Observed	1822	1690	156.753	51.356
300021	Yavinsky	Russia	Kuril Volcanic Arc	Stratovolcano	Subduction zone / Continental crust (> 25 km)	Eruption Dated	646	-4050	156.629	51.533
300022	Diky Greben	Russia	Kuril Volcanic Arc	Lava dome(s)	Subduction zone / Continental crust (> 25 km)	Eruption Dated	1040	350	156.978	51.452
300023	Kurile Lake	Russia	Kuril Volcanic Arc	Caldera	Subduction zone / Continental crust (> 25 km)	Eruption Dated	81	-6440	157.12	51.45
300030	Iliinsky	Russia	Kuril Volcanic Arc	Stratovolcano	Subduction zone / Continental crust (> 25 km)	Eruption Observed	1555	1901	157.203	51.498
300040	Zheltovsky	Russia	Kuril Volcanic Arc	Stratovolcano	Subduction zone / Continental crust (> 25 km)	Eruption Observed	1926	1923	157.328	51.577
300050	Ksudach	Russia	Kuril Volcanic Arc	Stratovolcano	Subduction zone / Continental crust (> 25 km)	Eruption Observed	1007	1907	157.5292	51.8042
300052	Olkoviy-Ozernoy Volcanic Field	Russia	Kuril Volcanic Arc	Volcanic field	Subduction zone / Continental crust (> 25 km)	Evidence Credible	681		157.53	52.02
300053	Khodutka	Russia	Kuril Volcanic Arc	Stratovolcano(es)	Subduction zone / Continental crust (> 25 km)	Eruption Dated	2039	-300	157.711	52.062
300058	Asacha	Russia	Kuril Volcanic Arc	Complex	Subduction zone / Continental crust (> 25 km)	Evidence Credible	1910		157.827	52.355
300059	Visokiy	Russia	Kuril Volcanic Arc	Stratovolcano	Subduction zone / Continental crust (> 25 km)	Evidence Credible	1227		157.9332	52.435
300060	Mutnovsky	Russia	Kuril Volcanic Arc	Complex	Subduction zone / Continental crust (> 25 km)	Eruption Observed	2288	2000	158.196	52.449
300070	Gorely	Russia	Kuril Volcanic Arc	Caldera	Subduction zone / Continental crust (> 25 km)	Eruption Observed	1799	2010	158.0358	52.5549
300080	Opala	Russia	Kuril Volcanic Arc	Caldera	Subduction zone / Continental crust (> 25 km)	Eruption Observed	2439	1776	157.339	52.543
300082	Tolmachev Dol	Russia	Kuril Volcanic Arc	Pyroclastic cone(s)	Subduction zone / Continental crust (> 25 km)	Eruption Dated	1021	300	157.58	52.63
300083	Vilyuchinsky	Russia	Kuril Volcanic Arc	Stratovolcano	Subduction zone / Continental crust (> 25 km)	Eruption Dated	2173	-8050	158.28	52.7
300084	Barkhatnaya Sopka	Russia	Kuril Volcanic Arc	Volcanic field	Subduction zone / Continental crust (> 25 km)	Eruption Dated	874	-3550	158.24	52.802
300090	Koryaksky	Russia	Eastern Kamchatka Volcanic Arc	Stratovolcano	Subduction zone / Continental crust (> 25 km)	Eruption Observed	3430	2009	158.712	53.321
300100	Avachinsky	Russia	Eastern Kamchatka Volcanic Arc	Stratovolcano	Subduction zone / Continental crust (> 25 km)	Eruption Observed	2717	2001	158.836	53.256
300110	Dzenzursky	Russia	Eastern Kamchatka Volcanic Arc	Compound	Subduction zone / Continental crust (> 25 km)	Evidence Credible	2285		158.922	53.637
300120	Zhupanovsky	Russia	Eastern Kamchatka Volcanic Arc	Compound	Subduction zone / Continental crust (> 25 km)	Eruption Observed	2899	2016	159.15	53.589
300121	Veer	Russia	Eastern Kamchatka Volcanic Arc	Pyroclastic cone(s)	Subduction zone / Continental crust (> 25 km)	Eruption Dated	520	390	158.4478	53.7525
300122	Kostakan	Russia	Eastern Kamchatka Volcanic Arc	Pyroclastic cone(s)	Subduction zone / Continental crust (> 25 km)	Eruption Dated	1150	1350	158.052	53.833
300123	Bakening	Russia	Eastern Kamchatka Volcanic Arc	Stratovolcano	Subduction zone / Continental crust (> 25 km)	Eruption Dated	2278	-550	158.07	53.905
300124	Zavaritsky	Russia	Eastern Kamchatka Volcanic Arc	Pyroclastic cone(s)	Subduction zone / Continental crust (> 25 km)	Eruption Dated	1547	-800	158.3851	53.9065
300125	Akademia Nauk	Russia	Eastern Kamchatka Volcanic Arc	Stratovolcano(es)	Subduction zone / Continental crust (> 25 km)	Eruption Observed	1180	1996	159.45	53.98
300130	Karymsky	Russia	Eastern Kamchatka Volcanic Arc	Stratovolcano	Subduction zone / Continental crust (> 25 km)	Eruption Observed	1513	2025	159.443	54.049
300140	Maly Semyachik	Russia	Eastern Kamchatka Volcanic Arc	Caldera	Subduction zone / Continental crust (> 25 km)	Eruption Observed	1527	1952	159.674	54.135
300150	Bolshoi Semiachik	Russia	Eastern Kamchatka Volcanic Arc	Stratovolcano(es)	Subduction zone / Continental crust (> 25 km)	Eruption Dated	1720	-4450	160.02	54.32
300160	Taunshits	Russia	Eastern Kamchatka Volcanic Arc	Stratovolcano	Subduction zone / Continental crust (> 25 km)	Eruption Dated	2301	-550	159.804	54.528
300170	Uzon	Russia	Eastern Kamchatka Volcanic Arc	Caldera(s)	Subduction zone / Continental crust (> 25 km)	Eruption Dated	1617	200	159.9741	54.4885
300180	Kikhpinych	Russia	Eastern Kamchatka Volcanic Arc	Stratovolcano(es)	Subduction zone / Continental crust (> 25 km)	Eruption Dated	1515	1550	160.251	54.489
300190	Krasheninnikov	Russia	Eastern Kamchatka Volcanic Arc	Caldera	Subduction zone / Continental crust (> 25 km)	Eruption Dated	1816	2026	160.27	54.596
300200	Kronotsky	Russia	Eastern Kamchatka Volcanic Arc	Stratovolcano	Subduction zone / Continental crust (> 25 km)	Eruption Dated	3482	-3350	160.533	54.753
300210	Gamchen	Russia	Eastern Kamchatka Volcanic Arc	Complex	Subduction zone / Continental crust (> 25 km)	Eruption Dated	2539	-188	160.703	54.974
300220	Komarov	Russia	Eastern Kamchatka Volcanic Arc	Stratovolcano	Subduction zone / Continental crust (> 25 km)	Eruption Dated	2065	950	160.725	55.033
300221	Vysoky	Russia	Eastern Kamchatka Volcanic Arc	Stratovolcano	Subduction zone / Continental crust (> 25 km)	Eruption Dated	2129	-550	160.765	55.064
300230	Kizimen	Russia	Eastern Kamchatka Volcanic Arc	Stratovolcano	Subduction zone / Continental crust (> 25 km)	Eruption Observed	2334	2013	160.32	55.131
300240	Tolbachik	Russia	Eastern Kamchatka Volcanic Arc	Shield	Subduction zone / Continental crust (> 25 km)	Eruption Observed	3611	2013	160.326	55.832
300241	Udina	Russia	Eastern Kamchatka Volcanic Arc	Stratovolcano(es)	Subduction zone / Continental crust (> 25 km)	Evidence Credible	2886		160.527	55.758
300242	Zimina	Russia	Eastern Kamchatka Volcanic Arc	Stratovolcano(es)	Subduction zone / Continental crust (> 25 km)	Evidence Uncertain	3057		160.603	55.862
300250	Bezymianny	Russia	Eastern Kamchatka Volcanic Arc	Stratovolcano	Subduction zone / Continental crust (> 25 km)	Eruption Observed	2882	2025	160.595	55.972
300251	Kamen	Russia	Eastern Kamchatka Volcanic Arc	Stratovolcano	Subduction zone / Continental crust (> 25 km)	Evidence Credible	4585		160.593	56.02
300260	Klyuchevskoy	Russia	Eastern Kamchatka Volcanic Arc	Stratovolcano	Subduction zone / Continental crust (> 25 km)	Eruption Observed	4754	2025	160.642	56.056
300261	Ushkovsky	Russia	Eastern Kamchatka Volcanic Arc	Compound	Subduction zone / Continental crust (> 25 km)	Eruption Observed	3943	1890	160.509	56.113
300270	Sheveluch	Russia	Eastern Kamchatka Volcanic Arc	Stratovolcano	Subduction zone / Continental crust (> 25 km)	Eruption Observed	3283	2026	161.36	56.653
300271	Piip	Russia	Aleutian Ridge Volcanic Arc	Stratovolcano	Subduction zone / Intermediate crust (15-25 km)	Eruption Dated	-300	-5050	167.33	55.42
300272	Khangar	Russia	Central Kamchatka Volcanic Arc	Stratovolcano	Subduction zone / Continental crust (> 25 km)	Eruption Dated	1967	1500	157.407	54.761
300273	Cherpuk Group	Russia	Central Kamchatka Volcanic Arc	Pyroclastic cone(s)	Subduction zone / Continental crust (> 25 km)	Eruption Dated	1868	-4550	157.47	55.55
300280	Ichinsky	Russia	Central Kamchatka Volcanic Arc	Stratovolcano	Subduction zone / Continental crust (> 25 km)	Eruption Observed	3596	1740	157.718	55.678
300360	Bolshoi-Kekuknaysky	Russia	Central Kamchatka Volcanic Arc	Shield(s)	Subduction zone / Continental crust (> 25 km)	Eruption Dated	1401	-5310	157.917	56.483
300450	Alney-Chashakondzha	Russia	Central Kamchatka Volcanic Arc	Stratovolcano	Subduction zone / Continental crust (> 25 km)	Eruption Dated	2570	1600	159.647	56.656
300511	Shisheika	Russia	Central Kamchatka Volcanic Arc	Lava dome	Subduction zone / Continental crust (> 25 km)	Eruption Dated	355	-2240	161.09	57.153
300512	Terpuk	Russia	Central Kamchatka Volcanic Arc	Shield	Subduction zone / Continental crust (> 25 km)	Eruption Dated	765	-800	159.83	57.2
300520	Sedanka Lava Field	Russia	Central Kamchatka Volcanic Arc	Volcanic field	Subduction zone / Continental crust (> 25 km)	Eruption Dated	1399	-7050	160.067	57.317
300550	Gorny Institute	Russia	Central Kamchatka Volcanic Arc	Stratovolcano	Subduction zone / Continental crust (> 25 km)	Eruption Dated	2125	1250	160.2	57.33
300551	Kinenin	Russia	Central Kamchatka Volcanic Arc	Maar	Subduction zone / Continental crust (> 25 km)	Eruption Dated	583	850	160.97	57.35
300552	Bliznetsy	Russia	Central Kamchatka Volcanic Arc	Lava cone	Subduction zone / Continental crust (> 25 km)	Eruption Dated	265	-1060	161.37	57.35
300560	Titila	Russia	Central Kamchatka Volcanic Arc	Shield(s)	Subduction zone / Continental crust (> 25 km)	Eruption Dated	1523	-550	160.108	57.406
300590	Elovsky	Russia	Central Kamchatka Volcanic Arc	Shield(s)	Subduction zone / Continental crust (> 25 km)	Eruption Dated	1381	-7550	160.53	57.55
300650	Nylgimelkin	Russia	Central Kamchatka Volcanic Arc	Shield(s)	Subduction zone / Continental crust (> 25 km)	Eruption Dated	1764	-3550	160.65	57.97
300671	Spokoiny	Russia	Central Kamchatka Volcanic Arc	Stratovolcano	Subduction zone / Continental crust (> 25 km)	Eruption Dated	2171	-3450	160.82	58.13
300680	Ostry	Russia	Central Kamchatka Volcanic Arc	Stratovolcano	Subduction zone / Continental crust (> 25 km)	Eruption Dated	2552	-2050	160.82	58.18
300700	Severny	Russia	Central Kamchatka Volcanic Arc	Shield	Subduction zone / Continental crust (> 25 km)	Eruption Dated	1936	-1550	160.87	58.28
302030	Udokan Plateau	Russia	Baikal Rift Volcanic Province	Volcanic field	Rift zone / Continental crust (> 25 km)	Eruption Dated	2180	-220	117.77	56.28
302060	Jombolok	Russia	Baikal Rift Volcanic Province	Volcanic field	Rift zone / Continental crust (> 25 km)	Eruption Dated	2047	737	99.021	52.713
303010	Taryatu-Chulutu	Mongolia	Baikal Rift Volcanic Province	Volcanic field	Intraplate / Continental crust (> 25 km)	Eruption Dated	2326	-2980	99.95	48.133
303015	Khoid Naiman Nuur	Mongolia	Baikal Rift Volcanic Province	Pyroclastic cone	Intraplate / Continental crust (> 25 km)	Evidence Uncertain	2532		101.7982	46.6459
304030	Ashikule Volcanic Field	China	Northern Tibetan Plateau Volcanic Province	Volcanic field	Intraplate / Continental crust (> 25 km)	Eruption Observed	5090	1951	81.646	35.742
305010	Honggeertu	China	Central East Asia Volcanic Province	Volcanic field	Intraplate / Continental crust (> 25 km)	Evidence Uncertain	1605		113.111	41.59
305011	Arxan-Chaihe	China	Central East Asia Volcanic Province	Volcanic field	Intraplate / Continental crust (> 25 km)	Eruption Dated	1677	0	120.8	47.45
305020	Keluo Group	China	Central East Asia Volcanic Province	Volcanic field	Intraplate / Continental crust (> 25 km)	Evidence Credible	670		125.92	49.37
305030	Wudalianchi	China	Central East Asia Volcanic Province	Volcanic field	Intraplate / Continental crust (> 25 km)	Eruption Observed	597	1776	126.15	48.722
305040	Jingpohu	China	Central East Asia Volcanic Province	Volcanic field	Intraplate / Continental crust (> 25 km)	Eruption Dated	1000	-520	128.83	44.08
305050	Longgang Group	China	Central East Asia Volcanic Province	Volcanic field	Intraplate / Continental crust (> 25 km)	Eruption Dated	1000	350	126.5	42.33
305060	Changbaishan	China-North Korea	Central East Asia Volcanic Province	Stratovolcano	Intraplate / Continental crust (> 25 km)	Eruption Observed	2744	1903	128.08	41.98
306030	Ulleungdo	South Korea	Central East Asia Volcanic Province	Stratovolcano	Intraplate / Continental crust (> 25 km)	Eruption Dated	984	-2990	130.87	37.5
306040	Halla	South Korea	Central East Asia Volcanic Province	Shield	Intraplate / Continental crust (> 25 km)	Eruption Observed	1919	1007	126.53	33.361
311010	Buldir	United States	Aleutian Ridge Volcanic Arc	Stratovolcano	Subduction zone / Intermediate crust (15-25 km)	Evidence Uncertain	656		175.911	52.35
311020	Kiska	United States	Aleutian Ridge Volcanic Arc	Stratovolcano	Subduction zone / Intermediate crust (15-25 km)	Eruption Observed	1220	1990	177.602	52.103
311030	Segula	United States	Aleutian Ridge Volcanic Arc	Stratovolcano	Subduction zone / Intermediate crust (15-25 km)	Evidence Credible	1160		178.136	52.015
311040	Davidof	United States	Aleutian Ridge Volcanic Arc	Stratovolcano	Subduction zone / Intermediate crust (15-25 km)	Evidence Uncertain	328		178.33	51.97
311050	Little Sitkin	United States	Aleutian Ridge Volcanic Arc	Stratovolcano	Subduction zone / Intermediate crust (15-25 km)	Eruption Observed	1174	1830	178.543	51.95
311060	Semisopochnoi	United States	Aleutian Ridge Volcanic Arc	Stratovolcano	Subduction zone / Intermediate crust (15-25 km)	Eruption Observed	1221	2023	179.58	51.93
311070	Gareloi	United States	Aleutian Ridge Volcanic Arc	Stratovolcano	Subduction zone / Intermediate crust (15-25 km)	Eruption Observed	1573	1989	-178.794	51.79
311080	Tanaga	United States	Aleutian Ridge Volcanic Arc	Stratovolcano(es)	Subduction zone / Intermediate crust (15-25 km)	Eruption Observed	1806	1914	-178.146	51.885
311090	Takawangha	United States	Aleutian Ridge Volcanic Arc	Stratovolcano	Subduction zone / Intermediate crust (15-25 km)	Eruption Dated	1449	1550	-178.006	51.873
311100	Bobrof	United States	Aleutian Ridge Volcanic Arc	Stratovolcano	Subduction zone / Intermediate crust (15-25 km)	Evidence Uncertain	738		-177.438	51.91
311110	Kanaga	United States	Aleutian Ridge Volcanic Arc	Stratovolcano	Subduction zone / Intermediate crust (15-25 km)	Eruption Observed	1307	2023	-177.168	51.923
311111	Moffett	United States	Aleutian Ridge Volcanic Arc	Stratovolcano	Subduction zone / Intermediate crust (15-25 km)	Eruption Dated	1196	-1600	-176.747	51.944
311120	Great Sitkin	United States	Aleutian Ridge Volcanic Arc	Stratovolcano	Subduction zone / Intermediate crust (15-25 km)	Eruption Observed	1740	2026	-176.13	52.076
311130	Kasatochi	United States	Aleutian Ridge Volcanic Arc	Stratovolcano	Subduction zone / Intermediate crust (15-25 km)	Eruption Observed	314	2008	-175.508	52.177
311140	Koniuji	United States	Aleutian Ridge Volcanic Arc	Stratovolcano	Subduction zone / Intermediate crust (15-25 km)	Eruption Dated	273	-1150	-175.13	52.22
311160	Atka Volcanic Complex	United States	Aleutian Ridge Volcanic Arc	Stratovolcano(es)	Subduction zone / Intermediate crust (15-25 km)	Eruption Observed	1518	2025	-174.139	52.331
311180	Seguam	United States	Aleutian Ridge Volcanic Arc	Stratovolcano(es)	Subduction zone / Intermediate crust (15-25 km)	Eruption Observed	1054	1993	-172.51	52.315
311190	Amukta	United States	Aleutian Ridge Volcanic Arc	Stratovolcano	Subduction zone / Intermediate crust (15-25 km)	Eruption Observed	1066	1996	-171.252	52.5
311200	Chagulak	United States	Aleutian Ridge Volcanic Arc	Stratovolcano	Subduction zone / Intermediate crust (15-25 km)	Evidence Uncertain	1028		-171.1383	52.5716
311210	Yunaska	United States	Aleutian Ridge Volcanic Arc	Shield	Subduction zone / Intermediate crust (15-25 km)	Eruption Observed	550	1937	-170.6317	52.6394
311220	Herbert	United States	Aleutian Ridge Volcanic Arc	Stratovolcano	Subduction zone / Intermediate crust (15-25 km)	Evidence Credible	1280		-170.111	52.742
311230	Carlisle	United States	Aleutian Ridge Volcanic Arc	Stratovolcano	Subduction zone / Intermediate crust (15-25 km)	Eruption Observed	1620	1828	-170.054	52.894
311240	Cleveland	United States	Aleutian Ridge Volcanic Arc	Stratovolcano	Subduction zone / Intermediate crust (15-25 km)	Eruption Observed	1730	2020	-169.944	52.825
311241	Tana	United States	Aleutian Ridge Volcanic Arc	Stratovolcano(es)	Subduction zone / Intermediate crust (15-25 km)	Evidence Credible	1170		-169.77	52.83
311250	Uliaga	United States	Aleutian Ridge Volcanic Arc	Stratovolcano	Subduction zone / Intermediate crust (15-25 km)	Evidence Credible	888		-169.77	53.065
311260	Kagamil	United States	Aleutian Ridge Volcanic Arc	Stratovolcano	Subduction zone / Intermediate crust (15-25 km)	Eruption Observed	893	1929	-169.72	52.974
311270	Vsevidof	United States	Aleutian Ridge Volcanic Arc	Stratovolcano	Subduction zone / Intermediate crust (15-25 km)	Eruption Observed	2160	1878	-168.6875	53.1264
311280	Recheschnoi	United States	Aleutian Ridge Volcanic Arc	Stratovolcano	Subduction zone / Intermediate crust (15-25 km)	Evidence Credible	1984		-168.539	53.157
311290	Okmok	United States	Aleutian Ridge Volcanic Arc	Shield	Subduction zone / Intermediate crust (15-25 km)	Eruption Observed	1073	2008	-168.13	53.43
311300	Bogoslof	United States	Aleutian Ridge Volcanic Arc	Stratovolcano	Subduction zone / Intermediate crust (15-25 km)	Eruption Observed	150	2017	-168.03	53.93
311310	Makushin	United States	Aleutian Ridge Volcanic Arc	Stratovolcano	Subduction zone / Intermediate crust (15-25 km)	Eruption Observed	1800	1995	-166.923	53.891
311320	Akutan	United States	Aleutian Ridge Volcanic Arc	Stratovolcano	Subduction zone / Intermediate crust (15-25 km)	Eruption Observed	1303	1992	-165.986	54.134
311340	Westdahl	United States	Aleutian Ridge Volcanic Arc	Stratovolcano?	Subduction zone / Continental crust (> 25 km)	Eruption Observed	1563	1992	-164.65	54.516
311350	Fisher	United States	Aleutian Ridge Volcanic Arc	Stratovolcano	Subduction zone / Continental crust (> 25 km)	Eruption Observed	1112	1830	-164.43	54.65
311360	Shishaldin	United States	Aleutian Ridge Volcanic Arc	Stratovolcano	Subduction zone / Continental crust (> 25 km)	Eruption Observed	2857	2023	-163.97	54.756
311380	Roundtop	United States	Aleutian Ridge Volcanic Arc	Stratovolcano	Subduction zone / Continental crust (> 25 km)	Eruption Dated	1871	-7600	-163.589	54.8
311390	Amak	United States	Aleutian Ridge Volcanic Arc	Stratovolcano	Subduction zone / Continental crust (> 25 km)	Eruption Observed	547	1796	-163.1472	55.4184
312010	Frosty	United States	Aleutian Ridge Volcanic Arc	Stratovolcano(es)	Subduction zone / Continental crust (> 25 km)	Evidence Credible	1728		-162.835	55.067
312011	Dutton	United States	Aleutian Ridge Volcanic Arc	Stratovolcano	Subduction zone / Continental crust (> 25 km)	Evidence Credible	1465		-162.276	55.183
312020	Emmons Lake Volcanic Center	United States	Aleutian Ridge Volcanic Arc	Caldera	Subduction zone / Continental crust (> 25 km)	Evidence Credible	1534		-162.0445	55.3519
312030	Pavlof	United States	Aleutian Ridge Volcanic Arc	Stratovolcano	Subduction zone / Continental crust (> 25 km)	Eruption Observed	2493	2022	-161.894	55.417
312040	Pavlof Sister	United States	Aleutian Ridge Volcanic Arc	Stratovolcano	Subduction zone / Continental crust (> 25 km)	Evidence Credible	2142		-161.854	55.457
312050	Dana	United States	Aleutian Ridge Volcanic Arc	Stratovolcano	Subduction zone / Continental crust (> 25 km)	Eruption Dated	1354	-1890	-161.214	55.641
312055	Stepovak Bay Group	United States	Aleutian Ridge Volcanic Arc	Volcanic field	Subduction zone / Continental crust (> 25 km)	Evidence Credible	1633		-160.017	55.917
312060	Kupreanof	United States	Aleutian Ridge Volcanic Arc	Stratovolcano	Subduction zone / Continental crust (> 25 km)	Evidence Uncertain	1895		-159.797	56.011
312070	Veniaminof	United States	Aleutian Ridge Volcanic Arc	Stratovolcano	Subduction zone / Continental crust (> 25 km)	Eruption Observed	2507	2021	-159.38	56.17
312080	Black Peak	United States	Alaska Peninsula Volcanic Arc	Stratovolcano	Subduction zone / Continental crust (> 25 km)	Eruption Dated	1032	-1900	-158.785	56.552
312090	Aniakchak	United States	Alaska Peninsula Volcanic Arc	Caldera	Subduction zone / Continental crust (> 25 km)	Eruption Observed	1341	1931	-158.17	56.88
312100	Yantarni	United States	Alaska Peninsula Volcanic Arc	Stratovolcano	Subduction zone / Continental crust (> 25 km)	Eruption Dated	1345	-800	-157.185	57.019
312110	Chiginagak	United States	Alaska Peninsula Volcanic Arc	Stratovolcano	Subduction zone / Continental crust (> 25 km)	Eruption Observed	2221	1998	-156.99	57.135
312120	Kialagvik	United States	Alaska Peninsula Volcanic Arc	Stratovolcano	Subduction zone / Continental crust (> 25 km)	Evidence Credible	1677		-156.745	57.203
312130	Ugashik-Peulik	United States	Alaska Peninsula Volcanic Arc	Stratovolcano	Subduction zone / Continental crust (> 25 km)	Eruption Observed	1474	1814	-156.368	57.751
312131	Ukinrek Maars	United States	Alaska Peninsula Volcanic Arc	Maar(s)	Subduction zone / Continental crust (> 25 km)	Eruption Observed	91	1977	-156.5203	57.8344
312132	Alaska Peninsula Arc at 155.4°W	United States	Alaska Peninsula Volcanic Arc	Lava dome	Subduction zone / Continental crust (> 25 km)	Evidence Credible	402		-155.411	57.87
312140	Martin	United States	Alaska Peninsula Volcanic Arc	Stratovolcano	Subduction zone / Continental crust (> 25 km)	Eruption Dated	1863	1953	-155.361	58.172
312150	Mageik	United States	Alaska Peninsula Volcanic Arc	Stratovolcano	Subduction zone / Continental crust (> 25 km)	Eruption Dated	2165	-500	-155.253	58.195
312160	Trident	United States	Alaska Peninsula Volcanic Arc	Stratovolcano	Subduction zone / Continental crust (> 25 km)	Eruption Observed	1864	1974	-155.1	58.236
312170	Katmai	United States	Alaska Peninsula Volcanic Arc	Stratovolcano	Subduction zone / Continental crust (> 25 km)	Eruption Observed	2047	1912	-154.9533	58.279
312180	Novarupta	United States	Alaska Peninsula Volcanic Arc	Caldera	Subduction zone / Continental crust (> 25 km)	Eruption Observed	841	1912	-155.1588	58.2655
312190	Griggs	United States	Alaska Peninsula Volcanic Arc	Stratovolcano	Subduction zone / Continental crust (> 25 km)	Eruption Dated	2317	-1790	-155.092	58.354
312200	Snowy Mountain	United States	Alaska Peninsula Volcanic Arc	Stratovolcano(es)	Subduction zone / Continental crust (> 25 km)	Eruption Dated	2162	1710	-154.682	58.336
312210	Denison	United States	Alaska Peninsula Volcanic Arc	Stratovolcano	Subduction zone / Continental crust (> 25 km)	Evidence Uncertain	2287		-154.449	58.418
312220	Steller	United States	Alaska Peninsula Volcanic Arc	Stratovolcano	Subduction zone / Continental crust (> 25 km)	Evidence Credible	2279		-154.3895	58.4298
312230	Kukak	United States	Alaska Peninsula Volcanic Arc	Stratovolcano	Subduction zone / Continental crust (> 25 km)	Unrest / Holocene	2043		-154.355	58.453
312250	Kaguyak	United States	Alaska Peninsula Volcanic Arc	Lava dome(s)	Subduction zone / Continental crust (> 25 km)	Eruption Dated	901	-3850	-154.0245	58.6113
312260	Fourpeaked	United States	Alaska Peninsula Volcanic Arc	Stratovolcano	Subduction zone / Continental crust (> 25 km)	Eruption Observed	2105	2006	-153.672	58.77
312270	Douglas	United States	Alaska Peninsula Volcanic Arc	Stratovolcano	Subduction zone / Continental crust (> 25 km)	Evidence Credible	2140		-153.542	58.855
313010	Augustine	United States	Alaska Peninsula Volcanic Arc	Lava dome(s)	Subduction zone / Continental crust (> 25 km)	Eruption Observed	1218	2006	-153.435	59.3626
313020	Iliamna	United States	Alaska Peninsula Volcanic Arc	Stratovolcano	Subduction zone / Continental crust (> 25 km)	Eruption Observed	3053	1876	-153.09	60.032
313030	Redoubt	United States	Alaska Peninsula Volcanic Arc	Stratovolcano	Subduction zone / Continental crust (> 25 km)	Eruption Observed	3108	2009	-152.742	60.485
313040	Spurr	United States	Alaska Peninsula Volcanic Arc	Stratovolcano	Subduction zone / Continental crust (> 25 km)	Eruption Observed	3374	1992	-152.251	61.299
313050	Hayes	United States	Alaska Peninsula Volcanic Arc	Stratovolcano	Subduction zone / Continental crust (> 25 km)	Eruption Dated	3034	1200	-152.411	61.64
314010	St. Paul Island	United States	Northern Alaska-Bering Sea Volcanic Province	Shield	Intraplate / Continental crust (> 25 km)	Eruption Dated	203	-1280	-170.213	57.167
314030	Ingakslugwat Hills	United States	Northern Alaska-Bering Sea Volcanic Province	Volcanic field	Intraplate / Continental crust (> 25 km)	Evidence Credible	190		-164.47	61.43
314040	St. Michael	United States	Northern Alaska-Bering Sea Volcanic Province	Volcanic field	Intraplate / Continental crust (> 25 km)	Evidence Credible	715		-162.12	63.45
314060	Imuruk Lake	United States	Northern Alaska-Bering Sea Volcanic Province	Volcanic field	Intraplate / Continental crust (> 25 km)	Eruption Dated	610	300	-163.45	65.517
315001	Buzzard Creek	United States	Alaska Peninsula Volcanic Arc	Tuff ring(s)	Subduction zone / Continental crust (> 25 km)	Eruption Dated	830	-1050	-148.4327	64.0616
315020	Wrangell	United States	Wrangell Volcanic Arc	Shield	Intraplate / Continental crust (> 25 km)	Eruption Observed	4278	1912	-144.017	62.006
315030	Churchill	United States	Wrangell Volcanic Arc	Stratovolcano	Intraplate / Continental crust (> 25 km)	Eruption Dated	5005	847	-141.75	61.38
315040	Edgecumbe	United States	Queen Charlotte Volcano Group	Volcanic field	Intraplate / Continental crust (> 25 km)	Eruption Dated	970	-2080	-135.75	57.05
315050	Duncan Canal	United States	Queen Charlotte Volcano Group	Volcanic field	Subduction zone / Continental crust (> 25 km)	Evidence Credible	15		-133.1	56.5
315060	Tlevak Strait-Suemez Island	United States	Queen Charlotte Volcano Group	Volcanic field	Subduction zone / Continental crust (> 25 km)	Evidence Credible	50		-133.3	55.25
315070	Behm Canal-Rudyerd Bay	United States	Northern Cordilleran Volcanic Province	Volcanic field	Intraplate / Continental crust (> 25 km)	Evidence Uncertain	500		-131.0	55.35
320010	Fort Selkirk	Canada	Northern Cordilleran Volcanic Province	Volcanic field	Intraplate / Continental crust (> 25 km)	Evidence Uncertain	1239		-137.38	62.93
320020	Alligator Lake	Canada	Northern Cordilleran Volcanic Province	Volcanic field	Intraplate / Continental crust (> 25 km)	Evidence Credible	2217		-135.42	60.42
320030	Atlin Volcanic Field	Canada	Northern Cordilleran Volcanic Province	Pyroclastic cone(s)	Intraplate / Continental crust (> 25 km)	Evidence Credible	1880		-133.358	59.708
320031	Tuya Volcanic Field	Canada	Northern Cordilleran Volcanic Province	Volcanic field	Intraplate / Continental crust (> 25 km)	Evidence Credible	2123		-130.58	59.37
320040	Heart Peaks	Canada	Northern Cordilleran Volcanic Province	Shield	Intraplate / Continental crust (> 25 km)	Evidence Uncertain	2012		-131.97	58.6
320050	Level Mountain	Canada	Northern Cordilleran Volcanic Province	Shield	Intraplate / Continental crust (> 25 km)	Evidence Uncertain	2164		-131.35	58.42
320060	Edziza	Canada	Northern Cordilleran Volcanic Province	Stratovolcano	Intraplate / Continental crust (> 25 km)	Eruption Dated	2786	950	-130.63	57.72
320070	Spectrum Range	Canada	Northern Cordilleran Volcanic Province	Shield	Intraplate / Continental crust (> 25 km)	Evidence Credible	2430		-130.68	57.43
320080	Hoodoo Mountain	Canada	Northern Cordilleran Volcanic Province	Pyroclastic cone(s)	Intraplate / Continental crust (> 25 km)	Eruption Dated	1850	-7050	-131.28	56.78
320090	Iskut-Unuk River Cones	Canada	Northern Cordilleran Volcanic Province	Pyroclastic cone(s)	Intraplate / Continental crust (> 25 km)	Eruption Dated	1880	1800	-130.75	56.567
320100	Tseax River Cone	Canada	Northern Cordilleran Volcanic Province	Pyroclastic cone	Intraplate / Continental crust (> 25 km)	Eruption Dated	612	1690	-128.8991	55.1109
320110	Crow Lagoon	Canada	Northern Cordilleran Volcanic Province	Pyroclastic cone	Intraplate / Continental crust (> 25 km)	Evidence Credible	335		-130.23	54.7
320120	Milbanke Sound Group	Canada	Queen Charlotte Volcano Group	Pyroclastic cone(s)	Intraplate / Continental crust (> 25 km)	Evidence Credible	233		-128.723	52.498
320140	Nazko	Canada	Interior Western Canada Volcanic Province	Pyroclastic cone(s)	Intraplate / Continental crust (> 25 km)	Eruption Dated	1238	-5220	-123.732	52.928
320150	Wells Gray-Clearwater	Canada	Interior Western Canada Volcanic Province	Volcanic field	Intraplate / Continental crust (> 25 km)	Eruption Dated	950	1550	-120.1125	52.0306
320160	Silverthrone	Canada	Garibaldi Volcanic Arc	Caldera	Subduction zone / Continental crust (> 25 km)	Evidence Credible	2860		-126.1133	51.5179
320170	Bridge River Cones	Canada	Garibaldi Volcanic Arc	Volcanic field	Subduction zone / Continental crust (> 25 km)	Evidence Credible	2500		-123.4	50.8
320180	Meager	Canada	Garibaldi Volcanic Arc	Complex	Subduction zone / Continental crust (> 25 km)	Eruption Dated	2680	-410	-123.5	50.63
320190	Garibaldi Lake	Canada	Garibaldi Volcanic Arc	Volcanic field	Subduction zone / Continental crust (> 25 km)	Evidence Credible	2316		-123.0	49.933
320200	Garibaldi	Canada	Garibaldi Volcanic Arc	Stratovolcano	Subduction zone / Continental crust (> 25 km)	Eruption Dated	2678	-8060	-123.0	49.85
320811	Cayley Volcanic Field	Canada	Garibaldi Volcanic Arc	Volcanic field	Subduction zone / Continental crust (> 25 km)	Evidence Credible	2375		-123.28	50.12
321010	Baker	United States	Garibaldi Volcanic Arc	Stratovolcano(es)	Subduction zone / Continental crust (> 25 km)	Eruption Observed	3285	1880	-121.813	48.777
321020	Glacier Peak	United States	Garibaldi Volcanic Arc	Stratovolcano	Subduction zone / Continental crust (> 25 km)	Eruption Dated	3213	1700	-121.113	48.112
321030	Rainier	United States	High Cascades Volcanic Arc	Stratovolcano	Subduction zone / Continental crust (> 25 km)	Eruption Dated	4392	1450	-121.76	46.853
321040	Adams	United States	High Cascades Volcanic Arc	Stratovolcano	Subduction zone / Continental crust (> 25 km)	Eruption Dated	3742	950	-121.49	46.206
321050	St. Helens	United States	High Cascades Volcanic Arc	Stratovolcano	Subduction zone / Continental crust (> 25 km)	Eruption Observed	2549	2008	-122.18	46.2
321060	West Crater	United States	High Cascades Volcanic Arc	Volcanic field	Subduction zone / Continental crust (> 25 km)	Eruption Dated	1329	-5750	-122.08	45.88
321070	Indian Heaven	United States	High Cascades Volcanic Arc	Volcanic field	Subduction zone / Continental crust (> 25 km)	Eruption Dated	1806	-6250	-121.82	45.93
322010	Hood	United States	High Cascades Volcanic Arc	Stratovolcano	Subduction zone / Continental crust (> 25 km)	Eruption Observed	3426	1866	-121.695	45.374
322020	Jefferson	United States	High Cascades Volcanic Arc	Stratovolcano	Subduction zone / Continental crust (> 25 km)	Eruption Dated	3199	950	-121.8	44.674
322030	Blue Lake Crater	United States	High Cascades Volcanic Arc	Maar	Subduction zone / Continental crust (> 25 km)	Eruption Dated	1136	680	-121.7686	44.4125
322040	Sand Mountain Field	United States	High Cascades Volcanic Arc	Volcanic field	Subduction zone / Continental crust (> 25 km)	Eruption Dated	1664	-950	-121.93	44.38
322060	Belknap	United States	High Cascades Volcanic Arc	Shield(s)	Subduction zone / Continental crust (> 25 km)	Eruption Dated	2094	475	-121.8423	44.285
322070	Three Sisters	United States	High Cascades Volcanic Arc	Complex	Subduction zone / Continental crust (> 25 km)	Eruption Dated	3159	439	-121.767	44.133
322090	Bachelor	United States	High Cascades Volcanic Arc	Stratovolcano	Subduction zone / Continental crust (> 25 km)	Eruption Dated	2763	-5800	-121.688	43.979
322100	Davis Lake	United States	High Cascades Volcanic Arc	Volcanic field	Subduction zone / Continental crust (> 25 km)	Eruption Dated	2163	-2790	-121.82	43.57
322110	Newberry	United States	High Cascades Volcanic Arc	Shield	Subduction zone / Continental crust (> 25 km)	Eruption Dated	2434	690	-121.229	43.722
322120	Devils Garden	United States	High Lava Plains Volcanic Province	Volcanic field	Rift zone / Continental crust (> 25 km)	Evidence Uncertain	1698		-120.861	43.512
322150	Cinnamon Butte	United States	High Cascades Volcanic Arc	Pyroclastic cone(s)	Subduction zone / Continental crust (> 25 km)	Evidence Uncertain	1958		-122.1111	43.2411
322160	Crater Lake	United States	High Cascades Volcanic Arc	Caldera	Subduction zone / Continental crust (> 25 km)	Eruption Dated	2487	-2850	-122.107	42.942
322170	Diamond Craters	United States	High Lava Plains Volcanic Province	Volcanic field	Rift zone / Continental crust (> 25 km)	Eruption Dated	1435	-5610	-118.75	43.1
322190	Jordan Craters	United States	High Lava Plains Volcanic Province	Volcanic field	Rift zone / Continental crust (> 25 km)	Eruption Dated	1473	-1250	-117.46	43.147
323010	Shasta	United States	High Cascades Volcanic Arc	Stratovolcano	Subduction zone / Continental crust (> 25 km)	Eruption Observed	4317	1250	-122.193	41.409
323020	Medicine Lake	United States	High Cascades Volcanic Arc	Shield	Subduction zone / Continental crust (> 25 km)	Eruption Dated	2412	1060	-121.554	41.611
323080	Lassen Volcanic Center	United States	High Cascades Volcanic Arc	Stratovolcano	Subduction zone / Continental crust (> 25 km)	Eruption Observed	3187	1917	-121.508	40.492
323100	Clear Lake Volcanic Field	United States	California Coast Ranges Volcano Group	Volcanic field	Subduction zone / Continental crust (> 25 km)	Evidence Credible	1439		-122.77	38.97
323110	Mono Lake Volcanic Field	United States	Basin and Range Volcanic Province	Volcanic field	Rift zone / Continental crust (> 25 km)	Eruption Dated	2121	1790	-119.03	38.0
323120	Mono-Inyo Craters	United States	Basin and Range Volcanic Province	Lava dome(s)	Rift zone / Continental crust (> 25 km)	Eruption Dated	2796	1380	-119.029	37.804
323150	Mammoth Mountain	United States	Basin and Range Volcanic Province	Lava dome(s)	Rift zone / Continental crust (> 25 km)	Eruption Dated	3369	1260	-119.032	37.631
323160	Ubehebe Craters	United States	Basin and Range Volcanic Province	Maar(s)	Rift zone / Continental crust (> 25 km)	Eruption Dated	752	-150	-117.45	37.02
323200	Salton Buttes	United States	Gulf of California Rift Volcanic Province	Lava dome(s)	Rift zone / Continental crust (> 25 km)	Eruption Dated	-40	210	-115.616	33.197
324010	Black Butte Crater Lava Field	United States	Yellowstone-Snake River Hotspot Volcano Group	Shield	Rift zone / Continental crust (> 25 km)	Eruption Dated	1478	-8180	-114.3542	43.185
324020	Craters of the Moon	United States	Yellowstone-Snake River Hotspot Volcano Group	Volcanic field	Rift zone / Continental crust (> 25 km)	Eruption Dated	2005	-130	-113.493	43.371
324030	Wapi Lava Field	United States	Yellowstone-Snake River Hotspot Volcano Group	Shield	Rift zone / Continental crust (> 25 km)	Eruption Dated	1597	-300	-113.2166	42.8859
324040	Hell's Half Acre	United States	Yellowstone-Snake River Hotspot Volcano Group	Shield	Rift zone / Continental crust (> 25 km)	Eruption Dated	1632	-3250	-112.4503	43.492
326010	Soda Lakes	United States	Basin and Range Volcanic Province	Maar(s)	Rift zone / Continental crust (> 25 km)	Evidence Credible	1251		-118.8778	39.525
327040	Markagunt Plateau	United States	Basin and Range Volcanic Province	Volcanic field	Rift zone / Continental crust (> 25 km)	Evidence Credible	2840	1050	-112.67	37.58
327050	Black Rock Desert	United States	Basin and Range Volcanic Province	Volcanic field	Rift zone / Continental crust (> 25 km)	Eruption Dated	1800	1290	-112.5	38.97
327110	Carrizozo	United States	Basin and Range Volcanic Province	Pyroclastic cone(s)	Rift zone / Continental crust (> 25 km)	Eruption Dated	1731	-3250	-105.93	33.78
327120	Zuni-Bandera	United States	Basin and Range Volcanic Province	Volcanic field	Rift zone / Continental crust (> 25 km)	Eruption Dated	2550	-1170	-108.0	34.8
327812	Red Hill-Quemado	United States	Basin and Range Volcanic Province	Volcanic field	Rift zone / Continental crust (> 25 km)	Eruption Dated	2300	-9450	-108.83	34.25
328010	Dotsero	United States	Basin and Range Volcanic Province	Maar	Rift zone / Continental crust (> 25 km)	Eruption Dated	2230	-2200	-107.0355	39.6613
329010	Uinkaret Field	United States	Basin and Range Volcanic Province	Volcanic field	Rift zone / Continental crust (> 25 km)	Eruption Dated	1555	1100	-113.13	36.38
329020	San Francisco Volcanic Field	United States	Basin and Range Volcanic Province	Volcanic field	Rift zone / Continental crust (> 25 km)	Eruption Dated	3850	1075	-111.678	35.347
331005	West Valley Segment	Canada	Northeast Pacific Rifts Volcanic Province	Fissure vent	Rift zone / Intermediate crust (15-25 km)	Unrest / Holocene	-2550		-128.64	48.78
331010	Endeavour Segment	Canada	Northeast Pacific Rifts Volcanic Province	Fissure vent(s)	Rift zone / Oceanic crust (< 15 km)	Eruption Dated	-2050	-3490	-129.1	47.95
331011	Cobb Segment	Canada	Northeast Pacific Rifts Volcanic Province	Fissure vent(s)	Rift zone / Oceanic crust (< 15 km)	Eruption Dated	-2100	-1180	-129.33	46.88
331020	CoAxial Segment	Undersea Features	Northeast Pacific Rifts Volcanic Province	Fissure vent(s)	Rift zone / Oceanic crust (< 15 km)	Eruption Observed	-2400	1993	-129.58	46.52
331021	Axial Seamount	Undersea Features	Northeast Pacific Rifts Volcanic Province	Fissure vent(s)	Rift zone / Oceanic crust (< 15 km)	Eruption Observed	-1410	2015	-130.0	45.95
331030	Cleft Segment	Undersea Features	Northeast Pacific Rifts Volcanic Province	Fissure vent(s)	Rift zone / Oceanic crust (< 15 km)	Eruption Observed	-2140	1986	-130.3	44.83
331031	North Gorda Ridge Segment	United States	Northeast Pacific Rifts Volcanic Province	Fissure vent(s)	Rift zone / Oceanic crust (< 15 km)	Eruption Observed	-3000	1996	-126.78	42.67
331032	Jackson Segment	United States	Northeast Pacific Rifts Volcanic Province	Fissure vent(s)	Rift zone / Oceanic crust (< 15 km)	Unrest / Holocene	-3100		-127.05	42.15
331040	Escanaba Segment	United States	Northeast Pacific Rifts Volcanic Province	Fissure vent(s)	Rift zone / Oceanic crust (< 15 km)	Eruption Dated	-1700	-2260	-127.5	40.98
331060	East Blanco Depression	Undersea Features	Northeast Pacific Rifts Volcanic Province	Fissure vent	Rift zone / Intermediate crust (15-25 km)	Unrest / Holocene	-3000		-129.879	44.267
332000	Kama'ehuakanaloa	United States	Hawaiian-Emperor Hotspot Volcano Group	Shield	Intraplate / Oceanic crust (< 15 km)	Eruption Observed	-975	1996	-155.27	18.92
332010	Kilauea	United States	Hawaiian-Emperor Hotspot Volcano Group	Shield	Intraplate / Oceanic crust (< 15 km)	Eruption Observed	1222	2026	-155.287	19.421
332020	Mauna Loa	United States	Hawaiian-Emperor Hotspot Volcano Group	Shield	Intraplate / Oceanic crust (< 15 km)	Eruption Observed	4170	2022	-155.608	19.475
332030	Mauna Kea	United States	Hawaiian-Emperor Hotspot Volcano Group	Shield	Intraplate / Oceanic crust (< 15 km)	Eruption Dated	4205	-2460	-155.47	19.82
332040	Hualalai	United States	Hawaiian-Emperor Hotspot Volcano Group	Shield	Intraplate / Oceanic crust (< 15 km)	Eruption Observed	2523	1801	-155.87	19.692
332060	Haleakala	United States	Hawaiian-Emperor Hotspot Volcano Group	Shield	Intraplate / Oceanic crust (< 15 km)	Eruption Dated	3053	1750	-156.2537	20.7099
333010	Teahitia	France	Society Islands Hotspot Volcano Group	Compound	Intraplate / Oceanic crust (< 15 km)	Eruption Dated	-1743	1985	-148.821	-17.564
333020	Rocard	France	Society Islands Hotspot Volcano Group	Cone	Intraplate / Oceanic crust (< 15 km)	Eruption Dated	-2515	1972	-148.586	-17.662
333030	Moua Pihaa	France	Society Islands Hotspot Volcano Group	Stratovolcano	Intraplate / Oceanic crust (< 15 km)	Eruption Dated	-312	1970	-148.525	-18.325
333040	Mehetia	France	Society Islands Hotspot Volcano Group	Stratovolcano	Intraplate / Oceanic crust (< 15 km)	Evidence Credible	389		-148.068	-17.874
333050	Adams Seamount	United Kingdom	Pitcairn Hotspot Volcano Group	Lava dome	Intraplate / Oceanic crust (< 15 km)	Eruption Dated	-39	-50	-129.27	-25.37
333060	Macdonald	France	Austral-Cook Hotspot Volcano Group	Shield	Intraplate / Oceanic crust (< 15 km)	Eruption Observed	-39	1989	-140.25	-28.98
334020	Northern EPR at 17°N	Mexico	Northern East Pacific Rise Volcanic Province	Fissure vent(s)	Rift zone / Oceanic crust (< 15 km)	Eruption Dated	-2700	-50	-105.32	16.55
334021	Northern EPR at 16°N	Mexico	Northern East Pacific Rise Volcanic Province	Fissure vent(s)	Rift zone / Oceanic crust (< 15 km)	Eruption Dated	-2300	-50	-105.43	15.83
334040	Northern EPR at 10.7°N	Undersea Features	Northern East Pacific Rise Volcanic Province	Fissure vent(s)	Intraplate / Oceanic crust (< 15 km)	Eruption Observed	-2900	2003	-103.58	10.73
334050	Northern EPR at 9.8°N	Undersea Features	Northern East Pacific Rise Volcanic Province	Fissure vent(s)	Rift zone / Oceanic crust (< 15 km)	Eruption Observed	-2500	2025	-104.3	9.83
334070	Galapagos Rift at 86°W	Ecuador	Galapagos Rift Volcanic Province	Fissure vent(s)	Rift zone / Oceanic crust (< 15 km)	Eruption Observed	-2430	1996	-86.15	0.792
334100	Southern EPR at 8°S	Undersea Features	Southern East Pacific Rise Volcanic Province	Fissure vent(s)	Rift zone / Oceanic crust (< 15 km)	Eruption Observed	-2800	1969	-107.95	-8.27
334120	Southern EPR at 17.5°S (Segment K)	Undersea Features	Southern East Pacific Rise Volcanic Province	Fissure vent(s)	Rift zone / Oceanic crust (< 15 km)	Eruption Observed	-2566	1990	-113.206	-17.436
334130	Southern EPR at 18.2°S (Segment J)	Undersea Features	Southern East Pacific Rise Volcanic Province	Fissure vent(s)	Rift zone / Oceanic crust (< 15 km)	Eruption Dated	-2650	1890	-113.35	-18.175
334140	Southern EPR at 18.5°S (Segment I)	Undersea Features	Southern East Pacific Rise Volcanic Province	Fissure vent(s)	Rift zone / Oceanic crust (< 15 km)	Eruption Dated	-2600	1915	-113.42	-18.53
335020	Hollister Ridge	Undersea Features	Pacific-Antarctic Ridge Volcanic Province	Fissure vent	Intraplate / Oceanic crust (< 15 km)	Evidence Uncertain	-1000		-139.845	-53.998
335030	Udintsev Transform	Undersea Features	Pacific-Antarctic Ridge Volcanic Province	Fissure vent	Intraplate / Oceanic crust (< 15 km)	Evidence Uncertain	-5700		-143.373	-56.153
341001	Pinacate	Mexico	Basin and Range Volcanic Province	Volcanic field	Subduction zone / Continental crust (> 25 km)	Evidence Credible	1183		-113.5	31.85
341003	San Luis, Isla	Mexico	Gulf of California Rift Volcanic Province	Tuff cone	Rift zone / Continental crust (> 25 km)	Evidence Credible	183	-1141	-114.4082	29.9728
341004	Jaraguay Volcanic Field	Mexico	Gulf of California Rift Volcanic Province	Volcanic field	Rift zone / Continental crust (> 25 km)	Evidence Credible	960		-114.5	29.33
341007	San Borja Volcanic Field	Mexico	Gulf of California Rift Volcanic Province	Volcanic field	Rift zone / Continental crust (> 25 km)	Evidence Credible	1360		-113.75	28.5
341011	Tortuga, Isla	Mexico	Gulf of California Rift Volcanic Province	Shield	Rift zone / Continental crust (> 25 km)	Evidence Credible	224		-111.881	27.438
341012	Comondu-La Purisima	Mexico	Gulf of California Rift Volcanic Province	Volcanic field	Rift zone / Continental crust (> 25 km)	Evidence Uncertain	780		-111.92	26.0
341020	Barcena	Mexico	Mathematicians Ridge Volcanic Province	Pyroclastic cone(s)	Rift zone / Oceanic crust (< 15 km)	Eruption Observed	332	1953	-110.82	19.3
341021	Socorro	Mexico	Mathematicians Ridge Volcanic Province	Shield	Rift zone / Oceanic crust (< 15 km)	Eruption Observed	1050	1994	-110.95	18.78
341022	Durango Volcanic Field	Mexico	Basin and Range Volcanic Province	Volcanic field	Subduction zone / Continental crust (> 25 km)	Evidence Credible	2075		-104.45	24.15
341024	Sanganguey	Mexico	Trans-Mexican Volcanic Arc	Stratovolcano	Subduction zone / Continental crust (> 25 km)	Evidence Credible	2340		-104.73	21.45
341030	Ceboruco	Mexico	Trans-Mexican Volcanic Arc	Stratovolcano	Subduction zone / Continental crust (> 25 km)	Eruption Observed	2280	1875	-104.508	21.125
341031	Mascota Volcanic Field	Mexico	Trans-Mexican Volcanic Arc	Volcanic field	Subduction zone / Continental crust (> 25 km)	Evidence Credible	2525		-104.817	20.567
341040	Colima	Mexico	Trans-Mexican Volcanic Arc	Stratovolcano(es)	Subduction zone / Continental crust (> 25 km)	Eruption Observed	3850	2019	-103.62	19.514
341060	Michoacan-Guanajuato	Mexico	Trans-Mexican Volcanic Arc	Volcanic field	Subduction zone / Continental crust (> 25 km)	Eruption Observed	3860	1952	-101.75	19.85
341061	Zitacuaro-Valle de Bravo	Mexico	Trans-Mexican Volcanic Arc	Volcanic field	Subduction zone / Continental crust (> 25 km)	Eruption Dated	3500	-3050	-100.25	19.4
341062	Jocotitlan	Mexico	Trans-Mexican Volcanic Arc	Stratovolcano	Subduction zone / Continental crust (> 25 km)	Eruption Dated	3911	1270	-99.7579	19.7383
341070	Toluca, Nevado de	Mexico	Trans-Mexican Volcanic Arc	Stratovolcano	Subduction zone / Continental crust (> 25 km)	Eruption Dated	4680	-1350	-99.758	19.108
341080	Chichinautzin	Mexico	Trans-Mexican Volcanic Arc	Volcanic field	Subduction zone / Continental crust (> 25 km)	Eruption Dated	3938	399	-99.16	19.139
341082	Iztaccihuatl	Mexico	Trans-Mexican Volcanic Arc	Stratovolcano	Subduction zone / Continental crust (> 25 km)	Evidence Credible	5230		-98.642	19.179
341090	Popocatepetl	Mexico	Trans-Mexican Volcanic Arc	Stratovolcano(es)	Subduction zone / Continental crust (> 25 km)	Eruption Observed	5393	2026	-98.622	19.023
341091	Malinche, La	Mexico	Trans-Mexican Volcanic Arc	Stratovolcano	Subduction zone / Continental crust (> 25 km)	Eruption Dated	4461	-1170	-98.032	19.231
341092	Serdan-Oriental Volcanic Field	Mexico	Trans-Mexican Volcanic Arc	Volcanic field	Subduction zone / Continental crust (> 25 km)	Eruption Dated	3485	-3920	-97.47	19.27
341093	Humeros, Los	Mexico	Trans-Mexican Volcanic Arc	Caldera(s)	Subduction zone / Continental crust (> 25 km)	Eruption Dated	3150	-4470	-97.45	19.68
341095	Naolinco Volcanic Field	Mexico	Trans-Mexican Volcanic Arc	Volcanic field	Subduction zone / Continental crust (> 25 km)	Eruption Dated	2000	1145	-96.91	19.635
341100	Orizaba, Pico de	Mexico	Trans-Mexican Volcanic Arc	Stratovolcano	Subduction zone / Continental crust (> 25 km)	Eruption Observed	5564	1846	-97.27	19.03
341110	San Martin	Mexico	Trans-Mexican Volcanic Arc	Volcanic field	Subduction zone / Continental crust (> 25 km)	Eruption Observed	1660	1796	-95.1989	18.5615
341120	Chichon, El	Mexico	Chiapanecan Volcanic Arc	Lava dome(s)	Subduction zone / Continental crust (> 25 km)	Eruption Observed	1150	1982	-93.2297	17.3602
341130	Tacana	Mexico-Guatemala	Central America Volcanic Arc	Stratovolcano	Subduction zone / Continental crust (> 25 km)	Eruption Observed	4064	1986	-92.109	15.132
342020	Tajumulco	Guatemala	Central America Volcanic Arc	Stratovolcano	Subduction zone / Continental crust (> 25 km)	Evidence Credible	4203		-91.903	15.043
342030	Santa Maria	Guatemala	Central America Volcanic Arc	Stratovolcano	Subduction zone / Continental crust (> 25 km)	Eruption Observed	3745	2026	-91.552	14.757
342040	Almolonga	Guatemala	Central America Volcanic Arc	Stratovolcano	Subduction zone / Continental crust (> 25 km)	Eruption Observed	3173	1818	-91.519	14.797
342060	Atitlan	Guatemala	Central America Volcanic Arc	Stratovolcano(es)	Subduction zone / Continental crust (> 25 km)	Eruption Observed	3535	1853	-91.186	14.583
342070	Toliman	Guatemala	Central America Volcanic Arc	Stratovolcano(es)	Subduction zone / Continental crust (> 25 km)	Evidence Credible	3158		-91.189	14.612
342080	Acatenango	Guatemala	Central America Volcanic Arc	Stratovolcano(es)	Subduction zone / Continental crust (> 25 km)	Eruption Observed	3976	1972	-90.876	14.501
342090	Fuego	Guatemala	Central America Volcanic Arc	Stratovolcano(es)	Subduction zone / Continental crust (> 25 km)	Eruption Observed	3799	2026	-90.8806	14.4748
342100	Agua	Guatemala	Central America Volcanic Arc	Stratovolcano	Subduction zone / Continental crust (> 25 km)	Evidence Credible	3760		-90.743	14.465
342110	Pacaya	Guatemala	Central America Volcanic Arc	Complex	Subduction zone / Continental crust (> 25 km)	Eruption Observed	2569	2021	-90.601	14.382
342111	Cuilapa-Barbarena	Guatemala	Central America Volcanic Arc	Volcanic field	Subduction zone / Continental crust (> 25 km)	Evidence Credible	1454		-90.4	14.33
342120	Tecuamburro	Guatemala	Central America Volcanic Arc	Stratovolcano	Subduction zone / Continental crust (> 25 km)	Eruption Dated	1845	-960	-90.407	14.156
342121	Jumaytepeque	Guatemala	Central America Volcanic Arc	Stratovolcano	Subduction zone / Continental crust (> 25 km)	Evidence Uncertain	1802		-90.271	14.34
342130	Moyuta	Guatemala	Central America Volcanic Arc	Stratovolcano	Subduction zone / Continental crust (> 25 km)	Evidence Credible	1662		-90.1	14.03
342140	Flores	Guatemala	Central America Volcanic Arc	Volcanic field	Subduction zone / Continental crust (> 25 km)	Evidence Credible	1600		-89.992	14.308
342141	Tahual	Guatemala	Central America Volcanic Arc	Stratovolcano	Subduction zone / Continental crust (> 25 km)	Evidence Credible	1716		-89.9	14.43
342150	Santiago, Cerro	Guatemala	Central America Volcanic Arc	Volcanic field	Subduction zone / Continental crust (> 25 km)	Evidence Credible	1192		-89.87	14.33
342160	Suchitan	Guatemala	Central America Volcanic Arc	Stratovolcano(es)	Subduction zone / Continental crust (> 25 km)	Evidence Credible	2042		-89.78	14.4
342170	Chingo	Guatemala-El Salvador	Central America Volcanic Arc	Stratovolcano	Subduction zone / Continental crust (> 25 km)	Evidence Credible	1775		-89.73	14.12
342180	Ixtepeque	Guatemala	Central America Volcanic Arc	Lava dome(s)	Subduction zone / Continental crust (> 25 km)	Evidence Credible	1292		-89.68	14.42
343002	Singuil, Cerro	El Salvador	Central America Volcanic Arc	Volcanic field	Subduction zone / Continental crust (> 25 km)	Evidence Credible	926		-89.631	14.054
343010	Apaneca Range	El Salvador	Central America Volcanic Arc	Stratovolcano(es)	Subduction zone / Continental crust (> 25 km)	Evidence Credible	2028		-89.742	13.872
343020	Santa Ana	El Salvador	Central America Volcanic Arc	Stratovolcano	Subduction zone / Continental crust (> 25 km)	Eruption Observed	2381	2005	-89.63	13.853
343030	Izalco	El Salvador	Central America Volcanic Arc	Stratovolcano	Subduction zone / Continental crust (> 25 km)	Eruption Observed	1950	1966	-89.633	13.813
343041	Coatepeque Caldera	El Salvador	Central America Volcanic Arc	Caldera	Subduction zone / Continental crust (> 25 km)	Evidence Credible	746		-89.55	13.87
343050	San Salvador	El Salvador	Central America Volcanic Arc	Stratovolcano	Subduction zone / Continental crust (> 25 km)	Eruption Observed	1893	1917	-89.294	13.734
343051	Cinotepeque, Cerro	El Salvador	Central America Volcanic Arc	Volcanic field	Subduction zone / Continental crust (> 25 km)	Evidence Credible	665		-89.25	14.02
343060	Ilopango	El Salvador	Central America Volcanic Arc	Caldera	Subduction zone / Continental crust (> 25 km)	Eruption Observed	450	1880	-89.053	13.672
343070	San Vicente	El Salvador	Central America Volcanic Arc	Stratovolcano	Subduction zone / Continental crust (> 25 km)	Evidence Credible	2149		-88.8375	13.5969
343072	Taburete	El Salvador	Central America Volcanic Arc	Stratovolcano	Subduction zone / Continental crust (> 25 km)	Evidence Uncertain	1172		-88.532	13.435
343080	Tecapa	El Salvador	Central America Volcanic Arc	Stratovolcano	Subduction zone / Continental crust (> 25 km)	Evidence Credible	1593		-88.502	13.494
343081	Usulutan	El Salvador	Central America Volcanic Arc	Stratovolcano	Subduction zone / Continental crust (> 25 km)	Evidence Credible	1449		-88.471	13.419
343082	Tigre, El	El Salvador	Central America Volcanic Arc	Stratovolcano	Subduction zone / Continental crust (> 25 km)	Evidence Credible	1640		-88.43	13.47
343090	Chinameca	El Salvador	Central America Volcanic Arc	Stratovolcano	Subduction zone / Continental crust (> 25 km)	Evidence Credible	1300		-88.33	13.478
343100	San Miguel	El Salvador	Central America Volcanic Arc	Stratovolcano	Subduction zone / Continental crust (> 25 km)	Eruption Observed	2130	2023	-88.269	13.434
343101	Aramuaca, Laguna	El Salvador	Central America Volcanic Arc	Maar	Subduction zone / Continental crust (> 25 km)	Evidence Credible	181		-88.105	13.428
343130	Tigre, Isla del	Honduras	Central America Volcanic Arc	Stratovolcano	Subduction zone / Continental crust (> 25 km)	Evidence Credible	774		-87.639	13.274
343140	Zacate Grande, Isla	Honduras	Central America Volcanic Arc	Stratovolcano	Subduction zone / Continental crust (> 25 km)	Evidence Credible	640		-87.63	13.33
343150	Yojoa, Lago	Honduras	Central America Volcanic Arc	Volcanic field	Subduction zone / Continental crust (> 25 km)	Eruption Dated	1060	-7638	-87.983	14.964
344010	Cosiguina	Nicaragua	Central America Volcanic Arc	Stratovolcano	Subduction zone / Continental crust (> 25 km)	Eruption Observed	872	1859	-87.57	12.98
344020	San Cristobal	Nicaragua	Central America Volcanic Arc	Stratovolcano	Subduction zone / Continental crust (> 25 km)	Eruption Observed	1745	2024	-87.004	12.702
344040	Telica	Nicaragua	Central America Volcanic Arc	Stratovolcano(es)	Subduction zone / Continental crust (> 25 km)	Eruption Observed	1036	2025	-86.84	12.606
344070	Negro, Cerro	Nicaragua	Central America Volcanic Arc	Pyroclastic cone(s)	Subduction zone / Continental crust (> 25 km)	Eruption Observed	728	1999	-86.702	12.506
344080	Las Pilas-El Hoyo Complex	Nicaragua	Central America Volcanic Arc	Complex	Subduction zone / Continental crust (> 25 km)	Eruption Observed	1088	1954	-86.6786	12.4922
344090	Momotombo	Nicaragua	Central America Volcanic Arc	Stratovolcano	Subduction zone / Continental crust (> 25 km)	Eruption Observed	1270	2016	-86.539	12.423
344091	Apoyeque	Nicaragua	Central America Volcanic Arc	Caldera	Subduction zone / Continental crust (> 25 km)	Eruption Dated	518	-50	-86.342	12.242
344092	Nejapa-Miraflores	Nicaragua	Central America Volcanic Arc	Fissure vent(s)	Subduction zone / Continental crust (> 25 km)	Eruption Dated	360	1060	-86.32	12.12
344100	Masaya	Nicaragua	Central America Volcanic Arc	Caldera	Subduction zone / Continental crust (> 25 km)	Eruption Observed	594	2026	-86.1688	11.9844
344101	Granada	Nicaragua	Central America Volcanic Arc	Fissure vent(s)	Subduction zone / Continental crust (> 25 km)	Evidence Credible	250		-85.979	11.9
344110	Mombacho	Nicaragua	Central America Volcanic Arc	Stratovolcano	Subduction zone / Continental crust (> 25 km)	Unrest / Holocene	1344		-85.968	11.826
344111	Zapatera	Nicaragua	Central America Volcanic Arc	Shield	Subduction zone / Continental crust (> 25 km)	Evidence Credible	629		-85.82	11.73
344120	Concepcion	Nicaragua	Central America Volcanic Arc	Stratovolcano	Subduction zone / Continental crust (> 25 km)	Eruption Observed	1700	2024	-85.622	11.538
345010	Orosi	Costa Rica	Central America Volcanic Arc	Stratovolcano(es)	Subduction zone / Continental crust (> 25 km)	Evidence Uncertain	1659		-85.473	10.98
345020	Rincon de la Vieja	Costa Rica	Central America Volcanic Arc	Complex	Subduction zone / Continental crust (> 25 km)	Eruption Observed	1729	2024	-85.3364	10.8314
345030	Miravalles	Costa Rica	Central America Volcanic Arc	Stratovolcano	Subduction zone / Continental crust (> 25 km)	Eruption Observed	2028	1946	-85.153	10.748
345031	Tenorio	Costa Rica	Central America Volcanic Arc	Stratovolcano(es)	Subduction zone / Continental crust (> 25 km)	Evidence Credible	1916		-85.015	10.673
345033	Arenal	Costa Rica	Central America Volcanic Arc	Stratovolcano	Subduction zone / Continental crust (> 25 km)	Eruption Observed	1670	2010	-84.703	10.463
345034	Platanar	Costa Rica	Central America Volcanic Arc	Stratovolcano(es)	Subduction zone / Continental crust (> 25 km)	Evidence Credible	2267		-84.366	10.3
345040	Poas	Costa Rica	Central America Volcanic Arc	Stratovolcano	Subduction zone / Continental crust (> 25 km)	Eruption Observed	2697	2026	-84.233	10.2
345050	Barva	Costa Rica	Central America Volcanic Arc	Complex	Subduction zone / Continental crust (> 25 km)	Eruption Dated	2906	-6050	-84.1	10.135
345060	Irazu	Costa Rica	Central America Volcanic Arc	Stratovolcano	Subduction zone / Continental crust (> 25 km)	Eruption Observed	3436	1977	-83.852	9.979
345070	Turrialba	Costa Rica	Central America Volcanic Arc	Stratovolcano	Subduction zone / Continental crust (> 25 km)	Eruption Observed	3340	2022	-83.767	10.025
346010	Baru	Panama	Central America Volcanic Arc	Stratovolcano	Subduction zone / Continental crust (> 25 km)	Eruption Observed	3474	1550	-82.543	8.808
351011	Romeral	Colombia	Northern Andean Volcanic Arc	Stratovolcano	Subduction zone / Continental crust (> 25 km)	Eruption Dated	3769	-5390	-75.363	5.203
351012	Bravo, Cerro	Colombia	Northern Andean Volcanic Arc	Stratovolcano	Subduction zone / Continental crust (> 25 km)	Eruption Dated	3985	1720	-75.293	5.091
351020	Ruiz, Nevado del	Colombia	Northern Andean Volcanic Arc	Stratovolcano	Subduction zone / Continental crust (> 25 km)	Eruption Observed	5279	2026	-75.324	4.892
351021	Santa Isabel	Colombia	Northern Andean Volcanic Arc	Shield	Subduction zone / Continental crust (> 25 km)	Eruption Dated	4944	-850	-75.365	4.818
351030	Tolima, Nevado del	Colombia	Northern Andean Volcanic Arc	Stratovolcano	Subduction zone / Continental crust (> 25 km)	Eruption Observed	5215	1943	-75.33	4.658
351040	Machin	Colombia	Northern Andean Volcanic Arc	Stratovolcano	Subduction zone / Continental crust (> 25 km)	Eruption Dated	2749	1180	-75.389	4.487
351050	Huila, Nevado del	Colombia	Northern Andean Volcanic Arc	Stratovolcano	Subduction zone / Continental crust (> 25 km)	Eruption Observed	5364	2012	-76.03	2.93
351060	Purace	Colombia	Northern Andean Volcanic Arc	Stratovolcano(es)	Subduction zone / Continental crust (> 25 km)	Eruption Observed	4650	2026	-76.3948	2.3095
351061	Sotara	Colombia	Northern Andean Volcanic Arc	Stratovolcano	Subduction zone / Continental crust (> 25 km)	Evidence Credible	4400		-76.592	2.108
351070	Dona Juana	Colombia	Northern Andean Volcanic Arc	Stratovolcano	Subduction zone / Continental crust (> 25 km)	Eruption Observed	4137	1906	-76.936	1.5
351080	Galeras	Colombia	Northern Andean Volcanic Arc	Complex	Subduction zone / Continental crust (> 25 km)	Eruption Observed	4276	2014	-77.37	1.22
351090	Azufral	Colombia	Northern Andean Volcanic Arc	Stratovolcano	Subduction zone / Continental crust (> 25 km)	Eruption Dated	4070	-930	-77.68	1.08
351100	Cumbal	Colombia	Northern Andean Volcanic Arc	Stratovolcano	Subduction zone / Continental crust (> 25 km)	Eruption Observed	4764	1926	-77.87	0.95
351110	Chiles-Cerro Negro	Colombia-Ecuador	Northern Andean Volcanic Arc	Stratovolcano	Subduction zone / Continental crust (> 25 km)	Evidence Uncertain	4698	1936	-77.938	0.817
352001	Soche	Ecuador	Northern Andean Volcanic Arc	Stratovolcano	Subduction zone / Continental crust (> 25 km)	Eruption Dated	3955	-6650	-77.58	0.552
352002	Chachimbiro	Ecuador	Northern Andean Volcanic Arc	Stratovolcano	Subduction zone / Continental crust (> 25 km)	Eruption Dated	4106	-3740	-78.287	0.468
352003	Cuicocha	Ecuador	Northern Andean Volcanic Arc	Caldera	Subduction zone / Continental crust (> 25 km)	Eruption Dated	3246	650	-78.364	0.308
352004	Imbabura	Ecuador	Northern Andean Volcanic Arc	Compound	Subduction zone / Continental crust (> 25 km)	Eruption Dated	4609	-5550	-78.183	0.258
352005	Mojanda	Ecuador	Northern Andean Volcanic Arc	Stratovolcano(es)	Subduction zone / Continental crust (> 25 km)	Evidence Uncertain	4263		-78.27	0.13
352006	Cayambe	Ecuador	Northern Andean Volcanic Arc	Compound	Subduction zone / Continental crust (> 25 km)	Eruption Observed	5790	1786	-77.986	0.029
352010	Reventador	Ecuador	Northern Andean Volcanic Arc	Stratovolcano	Subduction zone / Continental crust (> 25 km)	Eruption Observed	3562	2026	-77.656	-0.077
352011	Pululahua	Ecuador	Northern Andean Volcanic Arc	Caldera	Subduction zone / Continental crust (> 25 km)	Eruption Dated	3360	290	-78.49	0.0464
352020	Guagua Pichincha	Ecuador	Northern Andean Volcanic Arc	Stratovolcano	Subduction zone / Continental crust (> 25 km)	Eruption Observed	4784	2002	-78.598	-0.171
352021	Atacazo	Ecuador	Northern Andean Volcanic Arc	Stratovolcano	Subduction zone / Continental crust (> 25 km)	Eruption Dated	4463	-320	-78.617	-0.353
352022	Chacana	Ecuador	Northern Andean Volcanic Arc	Caldera	Subduction zone / Continental crust (> 25 km)	Eruption Observed	4643	1773	-78.25	-0.375
352030	Antisana	Ecuador	Northern Andean Volcanic Arc	Stratovolcano	Subduction zone / Continental crust (> 25 km)	Eruption Observed	5753	1802	-78.141	-0.481
352031	Aliso	Ecuador	Northern Andean Volcanic Arc	Stratovolcano	Subduction zone / Continental crust (> 25 km)	Eruption Dated	4267	-2450	-78.0	-0.53
352040	Sumaco	Ecuador	Northern Andean Volcanic Arc	Stratovolcano	Subduction zone / Continental crust (> 25 km)	Evidence Uncertain	3990	1895	-77.626	-0.538
352041	Iliniza	Ecuador	Northern Andean Volcanic Arc	Stratovolcano	Subduction zone / Continental crust (> 25 km)	Evidence Credible	5162		-78.716	-0.662
352050	Cotopaxi	Ecuador	Northern Andean Volcanic Arc	Stratovolcano	Subduction zone / Continental crust (> 25 km)	Eruption Observed	5911	2023	-78.436	-0.677
352060	Quilotoa	Ecuador	Northern Andean Volcanic Arc	Caldera	Subduction zone / Continental crust (> 25 km)	Eruption Dated	3914	1280	-78.9044	-0.8592
352071	Chimborazo	Ecuador	Northern Andean Volcanic Arc	Stratovolcano	Subduction zone / Continental crust (> 25 km)	Eruption Dated	6261	550	-78.817	-1.469
352080	Tungurahua	Ecuador	Northern Andean Volcanic Arc	Stratovolcano	Subduction zone / Continental crust (> 25 km)	Eruption Observed	5023	2016	-78.442	-1.467
352081	Licto	Ecuador	Northern Andean Volcanic Arc	Pyroclastic cone(s)	Subduction zone / Continental crust (> 25 km)	Evidence Uncertain	3322		-78.614	-1.786
352090	Sangay	Ecuador	Northern Andean Volcanic Arc	Stratovolcano	Subduction zone / Continental crust (> 25 km)	Eruption Observed	5286	2026	-78.341	-2.005
353010	Fernandina	Ecuador	Galapagos Hotspot Volcano Group	Shield	Rift zone / Oceanic crust (< 15 km)	Eruption Observed	1476	2024	-91.55	-0.37
353011	Ecuador	Ecuador	Galapagos Hotspot Volcano Group	Shield	Rift zone / Oceanic crust (< 15 km)	Eruption Dated	790	1150	-91.546	-0.02
353020	Wolf	Ecuador	Galapagos Hotspot Volcano Group	Shield	Rift zone / Oceanic crust (< 15 km)	Eruption Observed	1710	2022	-91.35	0.02
353030	Darwin	Ecuador	Galapagos Hotspot Volcano Group	Shield	Rift zone / Oceanic crust (< 15 km)	Eruption Dated	1330	1813	-91.28	-0.18
353040	Alcedo	Ecuador	Galapagos Hotspot Volcano Group	Shield	Rift zone / Oceanic crust (< 15 km)	Eruption Observed	1130	1993	-91.12	-0.43
353050	Negra, Sierra	Ecuador	Galapagos Hotspot Volcano Group	Shield	Rift zone / Oceanic crust (< 15 km)	Eruption Observed	1124	2018	-91.17	-0.83
353060	Azul, Cerro	Ecuador	Galapagos Hotspot Volcano Group	Shield	Rift zone / Oceanic crust (< 15 km)	Eruption Observed	1640	2008	-91.408	-0.92
353070	Pinta	Ecuador	Northern Galapagos Volcanic Province	Shield	Rift zone / Oceanic crust (< 15 km)	Eruption Observed	729		-90.7553	0.5858
353080	Marchena	Ecuador	Northern Galapagos Volcanic Province	Shield	Rift zone / Oceanic crust (< 15 km)	Eruption Observed	343	1991	-90.47	0.33
353081	Genovesa	Ecuador	Northern Galapagos Volcanic Province	Shield	Rift zone / Oceanic crust (< 15 km)	Evidence Credible	64		-89.958	0.32
353090	Santiago	Ecuador	Galapagos Hotspot Volcano Group	Shield	Rift zone / Oceanic crust (< 15 km)	Eruption Observed	920	1906	-90.77	-0.22
353091	Santa Cruz	Ecuador	Galapagos Hotspot Volcano Group	Shield	Rift zone / Oceanic crust (< 15 km)	Evidence Credible	864		-90.33	-0.62
353120	San Cristobal	Ecuador	Galapagos Hotspot Volcano Group	Shield	Rift zone / Oceanic crust (< 15 km)	Evidence Credible	707		-89.4292	-0.8292
354000	Quimsachata-Oroscocha	Peru	Central Andean Volcanic Arc	Lava dome	Subduction zone / Continental crust (> 25 km)	Eruption Dated	3848	-4450	-71.363	-14.131
354001	Auquihuato, Cerro	Peru	Central Andean Volcanic Arc	Pyroclastic cone	Subduction zone / Continental crust (> 25 km)	Evidence Uncertain	5001		-73.1914	-15.0726
354003	Coropuna	Peru	Central Andean Volcanic Arc	Stratovolcano	Subduction zone / Continental crust (> 25 km)	Evidence Credible	6377		-72.65	-15.52
354004	Andahua-Orcopampa	Peru	Central Andean Volcanic Arc	Volcanic field	Subduction zone / Continental crust (> 25 km)	Eruption Dated	4713	1490	-72.33	-15.42
354005	Huambo	Peru	Central Andean Volcanic Arc	Volcanic field	Subduction zone / Continental crust (> 25 km)	Eruption Dated	4554	-700	-72.08	-15.78
354006	Sabancaya	Peru	Central Andean Volcanic Arc	Stratovolcano(es)	Subduction zone / Continental crust (> 25 km)	Eruption Observed	5960	2026	-71.857	-15.787
354010	Misti, El	Peru	Central Andean Volcanic Arc	Stratovolcano	Subduction zone / Continental crust (> 25 km)	Eruption Observed	5793	1985	-71.4056	-16.2991
354020	Ubinas	Peru	Central Andean Volcanic Arc	Stratovolcano	Subduction zone / Continental crust (> 25 km)	Eruption Observed	5608	2024	-70.8972	-16.345
354030	Huaynaputina	Peru	Central Andean Volcanic Arc	Stratovolcano	Subduction zone / Continental crust (> 25 km)	Eruption Observed	4679	1600	-70.8542	-16.6144
354031	Ticsani	Peru	Central Andean Volcanic Arc	Lava dome(s)	Subduction zone / Continental crust (> 25 km)	Eruption Dated	5382	1800	-70.5981	-16.7586
354040	Tutupaca	Peru	Central Andean Volcanic Arc	Stratovolcano(es)	Subduction zone / Continental crust (> 25 km)	Eruption Observed	5801	1802	-70.372	-17.026
354050	Yucamane	Peru	Central Andean Volcanic Arc	Stratovolcano(es)	Subduction zone / Continental crust (> 25 km)	Eruption Observed	5495	-1320	-70.196	-17.184
354060	Casiri, Nevados	Peru	Central Andean Volcanic Arc	Stratovolcano(es)	Subduction zone / Continental crust (> 25 km)	Evidence Credible	5626		-69.7886	-17.4852
355011	Taapaca	Chile	Central Andean Volcanic Arc	Complex	Subduction zone / Continental crust (> 25 km)	Eruption Dated	5860	-320	-69.5	-18.1
355012	Parinacota	Chile-Bolivia	Central Andean Volcanic Arc	Stratovolcano	Subduction zone / Continental crust (> 25 km)	Eruption Dated	6336	290	-69.142	-18.166
355020	Guallatiri	Chile	Central Andean Volcanic Arc	Stratovolcano	Subduction zone / Continental crust (> 25 km)	Eruption Observed	6071	1960	-69.092	-18.42
355030	Isluga	Chile	Central Andean Volcanic Arc	Stratovolcano	Subduction zone / Continental crust (> 25 km)	Eruption Observed	5550	1913	-68.83	-19.15
355032	Tata Sabaya	Bolivia	Central Andean Volcanic Arc	Stratovolcano	Subduction zone / Continental crust (> 25 km)	Evidence Credible	5430		-68.53	-19.13
355040	Irruputuncu	Chile-Bolivia	Central Andean Volcanic Arc	Stratovolcano	Subduction zone / Continental crust (> 25 km)	Eruption Observed	5163	1995	-68.55	-20.73
355050	Olca-Paruma	Chile-Bolivia	Central Andean Volcanic Arc	Stratovolcano(es)	Subduction zone / Continental crust (> 25 km)	Eruption Observed	5705		-68.413	-20.939
355090	Putana	Chile	Central Andean Volcanic Arc	Stratovolcano	Subduction zone / Continental crust (> 25 km)	Eruption Observed	5884	1810	-67.853	-22.557
355091	Sairecabur	Chile-Bolivia	Central Andean Volcanic Arc	Stratovolcano(es)	Subduction zone / Continental crust (> 25 km)	Evidence Credible	5961		-67.891	-22.719
355092	Licancabur	Chile-Bolivia	Central Andean Volcanic Arc	Stratovolcano	Subduction zone / Continental crust (> 25 km)	Evidence Credible	5916		-67.88	-22.83
355093	Guayaques	Chile-Bolivia	Central Andean Volcanic Arc	Lava dome(s)	Subduction zone / Continental crust (> 25 km)	Evidence Credible	5598		-67.566	-22.895
355094	Purico Complex	Chile	Central Andean Volcanic Arc	Shield(pyroclastic)	Subduction zone / Continental crust (> 25 km)	Evidence Credible	5703		-67.75	-23.0
355095	Colachi	Chile	Central Andean Volcanic Arc	Stratovolcano	Subduction zone / Continental crust (> 25 km)	Evidence Credible	5631		-67.645	-23.236
355096	Acamarachi	Chile	Central Andean Volcanic Arc	Stratovolcano	Subduction zone / Continental crust (> 25 km)	Evidence Credible	6023		-67.618	-23.292
355098	Chiliques	Chile	Central Andean Volcanic Arc	Stratovolcano	Subduction zone / Continental crust (> 25 km)	Evidence Uncertain	5778		-67.7	-23.58
355100	Lascar	Chile	Central Andean Volcanic Arc	Stratovolcano(es)	Subduction zone / Continental crust (> 25 km)	Eruption Observed	5592	2026	-67.73	-23.37
355101	Cordon de Puntas Negras	Chile	Central Andean Volcanic Arc	Stratovolcano(es)	Subduction zone / Continental crust (> 25 km)	Evidence Credible	5852		-67.534	-23.743
355102	Miniques	Chile	Central Andean Volcanic Arc	Stratovolcano(es)	Subduction zone / Continental crust (> 25 km)	Evidence Uncertain	5910		-67.77	-23.82
355103	Tujle, Cerro	Chile	Central Andean Volcanic Arc	Maar	Subduction zone / Continental crust (> 25 km)	Evidence Credible	3550		-67.95	-23.83
355104	Caichinque	Chile	Central Andean Volcanic Arc	Stratovolcano(es)	Subduction zone / Continental crust (> 25 km)	Evidence Uncertain	4458		-67.74	-23.949
355105	Tilocalar	Chile	Central Andean Volcanic Arc	Lava cone(es)	Subduction zone / Continental crust (> 25 km)	Evidence Uncertain	3109		-68.13	-23.97
355107	Pular	Chile	Central Andean Volcanic Arc	Stratovolcano(es)	Subduction zone / Continental crust (> 25 km)	Evidence Uncertain	6233		-68.054	-24.188
355108	Negrillar, La	Chile	Central Andean Volcanic Arc	Pyroclastic cone(s)	Subduction zone / Continental crust (> 25 km)	Evidence Uncertain	4220		-68.59	-24.319
355109	Socompa	Chile-Argentina	Central Andean Volcanic Arc	Stratovolcano	Subduction zone / Continental crust (> 25 km)	Eruption Dated	6031	-5250	-68.246	-24.396
355110	Llullaillaco	Chile-Argentina	Central Andean Volcanic Arc	Stratovolcano	Subduction zone / Continental crust (> 25 km)	Eruption Observed	6739	1877	-68.53	-24.72
355112	Corrida de Cori Volcanic Field	Chile-Argentina	Central Andean Volcanic Arc	Stratovolcano	Subduction zone / Continental crust (> 25 km)	Evidence Uncertain	5451		-68.367	-25.083
355120	Lastarria	Chile-Argentina	Central Andean Volcanic Arc	Stratovolcano	Subduction zone / Continental crust (> 25 km)	Evidence Credible	5706		-68.507	-25.168
355121	Cordon del Azufre	Chile-Argentina	Central Andean Volcanic Arc	Complex	Subduction zone / Continental crust (> 25 km)	Evidence Credible	5481		-68.521	-25.336
355122	Bayo Gorbea, Cerro	Chile-Argentina	Central Andean Volcanic Arc	Complex	Subduction zone / Continental crust (> 25 km)	Evidence Credible	5413		-68.588	-25.414
355123	Nevada, Sierra	Chile-Argentina	Central Andean Volcanic Arc	Complex	Subduction zone / Continental crust (> 25 km)	Evidence Credible	6173		-68.58	-26.48
355124	Falso Azufre	Chile-Argentina	Central Andean Volcanic Arc	Complex	Subduction zone / Continental crust (> 25 km)	Evidence Uncertain	5906		-68.37	-26.8
355125	Incahuasi, Nevado de	Chile-Argentina	Central Andean Volcanic Arc	Stratovolcano(es)	Subduction zone / Continental crust (> 25 km)	Evidence Uncertain	6638		-68.296	-27.033
355130	Ojos del Salado, Nevados	Chile-Argentina	Central Andean Volcanic Arc	Stratovolcano	Subduction zone / Continental crust (> 25 km)	Eruption Dated	6879	750	-68.541	-27.109
355131	Solo, El	Chile-Argentina	Central Andean Volcanic Arc	Stratovolcano	Subduction zone / Continental crust (> 25 km)	Evidence Credible	6205		-68.713	-27.105
355160	Aracar	Argentina	Central Andean Volcanic Arc	Stratovolcano	Subduction zone / Continental crust (> 25 km)	Evidence Credible	6095		-67.783	-24.29
355161	Central Andean Arc at 25.1°S	Argentina	Central Andean Volcanic Arc	Pyroclastic cone	Subduction zone / Continental crust (> 25 km)	Evidence Credible	4652		-68.266	-25.078
355190	Condor, El	Argentina	Central Andean Volcanic Arc	Stratovolcano	Subduction zone / Continental crust (> 25 km)	Evidence Credible	6373		-68.361	-26.632
355200	Peinado	Argentina	Central Andean Volcanic Arc	Stratovolcano	Subduction zone / Continental crust (> 25 km)	Evidence Credible	5741		-68.116	-26.623
355210	Blanco, Cerro	Argentina	Central Andean Volcanic Arc	Caldera	Subduction zone / Continental crust (> 25 km)	Eruption Dated	4670	-2300	-67.746	-26.7657
355220	Tipas	Argentina	Central Andean Volcanic Arc	Complex	Subduction zone / Continental crust (> 25 km)	Evidence Credible	6658		-68.561	-27.196
356011	Rapa Nui	Chile	Salas y Gómez Ridge Volcano Group	Shield(s)	Rift zone / Oceanic crust (< 15 km)	Evidence Credible	501		-109.356	-27.114
357010	Tupungatito	Chile-Argentina	Southern Andean Volcanic Arc	Stratovolcano	Subduction zone / Continental crust (> 25 km)	Eruption Observed	5660	1987	-69.797	-33.425
357020	San Jose	Chile-Argentina	Southern Andean Volcanic Arc	Stratovolcano(es)	Subduction zone / Continental crust (> 25 km)	Eruption Observed	6070	1960	-69.895	-33.789
357021	Maipo	Chile-Argentina	Southern Andean Volcanic Arc	Caldera	Subduction zone / Continental crust (> 25 km)	Eruption Observed	5323	1912	-69.832	-34.164
357022	Palomo	Chile	Southern Andean Volcanic Arc	Stratovolcano	Subduction zone / Continental crust (> 25 km)	Evidence Credible	4860		-70.295	-34.608
357023	Atuel, Caldera del	Argentina	Southern Andean Volcanic Arc	Caldera	Subduction zone / Continental crust (> 25 km)	Evidence Credible	5189		-69.921	-34.592
357024	Risco Plateado	Argentina	Southern Andean Volcanic Arc	Stratovolcano	Subduction zone / Continental crust (> 25 km)	Evidence Uncertain	4999		-69.981	-34.917
357030	Tinguiririca	Chile	Southern Andean Volcanic Arc	Stratovolcano	Subduction zone / Continental crust (> 25 km)	Eruption Observed	4280	1917	-70.352	-34.814
357040	Planchon-Peteroa	Chile	Southern Andean Volcanic Arc	Stratovolcano(es)	Subduction zone / Continental crust (> 25 km)	Eruption Observed	3977	2025	-70.568	-35.223
357041	Infiernillo	Argentina	Southern Andean Volcanic Arc	Volcanic field	Intraplate / Continental crust (> 25 km)	Eruption Dated	3007	-6890	-69.9	-35.123
357042	Calabozos	Chile	Southern Andean Volcanic Arc	Caldera	Subduction zone / Continental crust (> 25 km)	Evidence Credible	3508		-70.496	-35.558
357050	Descabezado Grande	Chile	Southern Andean Volcanic Arc	Stratovolcano(es)	Subduction zone / Continental crust (> 25 km)	Eruption Observed	3953	1933	-70.75	-35.58
357060	Azul, Cerro	Chile	Southern Andean Volcanic Arc	Stratovolcano	Subduction zone / Continental crust (> 25 km)	Eruption Observed	3788	1967	-70.761	-35.653
357061	Maule, Laguna del	Chile	Southern Andean Volcanic Arc	Caldera	Subduction zone / Continental crust (> 25 km)	Eruption Dated	2162	-50	-70.492	-36.058
357062	San Pedro-Pellado	Chile	Southern Andean Volcanic Arc	Stratovolcano(es)	Subduction zone / Continental crust (> 25 km)	Evidence Credible	3621		-70.849	-35.989
357063	Longavi, Nevado de	Chile	Southern Andean Volcanic Arc	Stratovolcano	Subduction zone / Continental crust (> 25 km)	Eruption Dated	3175	-4890	-71.1641	-36.1959
357064	Blancas, Lomas	Chile	Southern Andean Volcanic Arc	Stratovolcano	Subduction zone / Continental crust (> 25 km)	Evidence Credible	2268		-71.009	-36.286
357065	Resago, Volcan	Chile	Southern Andean Volcanic Arc	Pyroclastic cone	Subduction zone / Continental crust (> 25 km)	Evidence Credible	1890		-70.9033	-36.4606
357066	Payun Matru	Argentina	Southern Andean Volcanic Arc	Volcanic field	Subduction zone / Continental crust (> 25 km)	Eruption Dated	3715	-5050	-69.241	-36.422
357070	Chillan, Nevados de	Chile	Southern Andean Volcanic Arc	Stratovolcano	Subduction zone / Continental crust (> 25 km)	Eruption Observed	3180	2022	-71.378	-36.868
357072	Tromen Volcanic Plateau	Argentina	Southern Andean Volcanic Arc	Stratovolcano(es)	Subduction zone / Continental crust (> 25 km)	Eruption Observed	4114	1822	-70.033	-37.144
357080	Antuco	Chile	Southern Andean Volcanic Arc	Stratovolcano	Subduction zone / Continental crust (> 25 km)	Eruption Observed	2979	1869	-71.349	-37.406
357090	Copahue	Chile-Argentina	Southern Andean Volcanic Arc	Stratovolcano	Subduction zone / Continental crust (> 25 km)	Eruption Observed	2953	2024	-71.183	-37.856
357091	Callaqui	Chile	Southern Andean Volcanic Arc	Stratovolcano	Subduction zone / Continental crust (> 25 km)	Eruption Observed	3099	1980	-71.4464	-37.9276
357093	Tolhuaca	Chile	Southern Andean Volcanic Arc	Stratovolcano	Subduction zone / Continental crust (> 25 km)	Evidence Credible	2739	-4000	-71.645	-38.31
357100	Lonquimay	Chile	Southern Andean Volcanic Arc	Stratovolcano	Subduction zone / Continental crust (> 25 km)	Eruption Observed	2832	1990	-71.586	-38.379
357102	Blanca, Laguna	Argentina	Southern Andean Volcanic Arc	Volcanic field	Intraplate / Continental crust (> 25 km)	Evidence Credible	1700		-70.37	-39.02
357110	Llaima	Chile	Southern Andean Volcanic Arc	Stratovolcano	Subduction zone / Continental crust (> 25 km)	Eruption Observed	3125	2009	-71.729	-38.692
357111	Sollipulli	Chile	Southern Andean Volcanic Arc	Caldera	Subduction zone / Continental crust (> 25 km)	Eruption Dated	2282	1240	-71.52	-38.97
357112	Caburgua-Huelemolle	Chile	Southern Andean Volcanic Arc	Volcanic field	Subduction zone / Continental crust (> 25 km)	Eruption Dated	1652	-5050	-71.75	-39.25
357120	Villarrica	Chile	Southern Andean Volcanic Arc	Stratovolcano	Subduction zone / Continental crust (> 25 km)	Eruption Observed	2847	2025	-71.93	-39.42
357121	Quetrupillan	Chile	Southern Andean Volcanic Arc	Stratovolcano	Subduction zone / Continental crust (> 25 km)	Eruption Dated	2360	255	-71.722	-39.496
357122	Lanin	Chile-Argentina	Southern Andean Volcanic Arc	Stratovolcano	Subduction zone / Continental crust (> 25 km)	Eruption Dated	3776	560	-71.502	-39.637
357123	Huanquihue Group	Argentina	Southern Andean Volcanic Arc	Stratovolcano(es)	Subduction zone / Continental crust (> 25 km)	Eruption Dated	2189	1750	-71.58	-39.887
357130	Mocho-Choshuenco	Chile	Southern Andean Volcanic Arc	Stratovolcano(es)	Subduction zone / Continental crust (> 25 km)	Eruption Observed	2422	1937	-72.027	-39.927
357140	Carran-Los Venados	Chile	Southern Andean Volcanic Arc	Pyroclastic cone(s)	Subduction zone / Continental crust (> 25 km)	Eruption Observed	1114	1979	-72.07	-40.35
357150	Puyehue-Cordon Caulle	Chile	Southern Andean Volcanic Arc	Stratovolcano	Subduction zone / Continental crust (> 25 km)	Eruption Observed	2236	2012	-72.117	-40.59
357153	Antillanca Volcanic Complex	Chile	Southern Andean Volcanic Arc	Stratovolcano(es)	Subduction zone / Continental crust (> 25 km)	Eruption Dated	1979	-230	-72.15	-40.783
357160	Puntiagudo-Cordon Cenizos	Chile	Southern Andean Volcanic Arc	Stratovolcano	Subduction zone / Continental crust (> 25 km)	Eruption Observed	2493	1850	-72.264	-40.969
358010	Osorno	Chile	Southern Andean Volcanic Arc	Stratovolcano	Subduction zone / Continental crust (> 25 km)	Eruption Observed	2659	1869	-72.496	-41.105
358011	Tronador	Chile-Argentina	Southern Andean Volcanic Arc	Stratovolcano	Subduction zone / Continental crust (> 25 km)	Evidence Uncertain	3478		-71.885	-41.157
358012	Cayutue-La Vigueria	Chile	Southern Andean Volcanic Arc	Volcanic field	Subduction zone / Continental crust (> 25 km)	Eruption Dated	506	-190	-72.27	-41.3
358020	Calbuco	Chile	Southern Andean Volcanic Arc	Stratovolcano	Subduction zone / Continental crust (> 25 km)	Eruption Observed	1974	2015	-72.618	-41.33
358022	Yate	Chile	Southern Andean Volcanic Arc	Stratovolcano	Subduction zone / Continental crust (> 25 km)	Eruption Dated	2187	1090	-72.396	-41.755
358023	Hornopiren	Chile	Southern Andean Volcanic Arc	Stratovolcano	Subduction zone / Continental crust (> 25 km)	Eruption Dated	1572	340	-72.431	-41.874
358024	Apagado	Chile	Southern Andean Volcanic Arc	Pyroclastic cone	Subduction zone / Continental crust (> 25 km)	Eruption Dated	1210	-590	-72.58	-41.88
358025	Crater Basalt Volcanic Field	Argentina	Southern Andean Volcanic Arc	Volcanic field	Intraplate / Continental crust (> 25 km)	Evidence Credible	1344		-70.194	-42.018
358030	Huequi	Chile	Southern Andean Volcanic Arc	Lava dome(s)	Subduction zone / Continental crust (> 25 km)	Eruption Observed	1318	1920	-72.578	-42.377
358040	Michinmahuida	Chile	Southern Andean Volcanic Arc	Stratovolcano	Subduction zone / Continental crust (> 25 km)	Eruption Observed	2452	1835	-72.445	-42.799
358041	Chaiten	Chile	Southern Andean Volcanic Arc	Caldera	Subduction zone / Continental crust (> 25 km)	Eruption Observed	1122	2011	-72.6514	-42.8349
358049	Yanteles	Chile	Southern Andean Volcanic Arc	Stratovolcano(es)	Subduction zone / Continental crust (> 25 km)	Eruption Dated	1790	-6650	-72.782	-43.469
358050	Corcovado	Chile	Southern Andean Volcanic Arc	Stratovolcano	Subduction zone / Continental crust (> 25 km)	Eruption Dated	1826	-4920	-72.794	-43.189
358052	Melimoyu	Chile	Southern Andean Volcanic Arc	Stratovolcano	Subduction zone / Continental crust (> 25 km)	Eruption Dated	2400	200	-72.88	-44.08
358053	Puyuhuapi	Chile	Southern Andean Volcanic Arc	Pyroclastic cone(s)	Subduction zone / Continental crust (> 25 km)	Evidence Credible	524		-72.53	-44.3
358054	Mentolat	Chile	Southern Andean Volcanic Arc	Stratovolcano	Subduction zone / Continental crust (> 25 km)	Eruption Observed	1603	1710	-73.0767	-44.6931
358055	Cay	Chile	Southern Andean Volcanic Arc	Stratovolcano	Subduction zone / Continental crust (> 25 km)	Evidence Uncertain	2090		-72.984	-45.059
358056	Maca	Chile	Southern Andean Volcanic Arc	Stratovolcano	Subduction zone / Continental crust (> 25 km)	Eruption Dated	2960	1560	-73.17	-45.1
358057	Hudson, Cerro	Chile	Southern Andean Volcanic Arc	Stratovolcano	Subduction zone / Continental crust (> 25 km)	Eruption Observed	1905	2011	-72.97	-45.9
358060	Lautaro	Chile	Austral Andean Volcanic Arc	Stratovolcano	Subduction zone / Continental crust (> 25 km)	Eruption Observed	3542	1979	-73.504	-49.019
358062	Aguilera	Chile	Austral Andean Volcanic Arc	Stratovolcano	Subduction zone / Continental crust (> 25 km)	Eruption Dated	2546	-1253	-73.75	-50.33
358063	Reclus	Chile	Austral Andean Volcanic Arc	Pyroclastic cone	Subduction zone / Continental crust (> 25 km)	Eruption Observed	1403	1908	-73.5802	-50.9395
358064	Meullin	Chile	Southern Andean Volcanic Arc	Volcanic field	Subduction zone / Continental crust (> 25 km)	Evidence Credible	1080		-73.05	-45.22
358070	Burney, Monte	Chile	Austral Andean Volcanic Arc	Stratovolcano	Subduction zone / Continental crust (> 25 km)	Eruption Observed	1758	1910	-73.4	-52.33
358080	Pali-Aike Volcanic Field	Chile-Argentina	Austral Andean Volcanic Arc	Volcanic field	Subduction zone / Continental crust (> 25 km)	Eruption Dated	282	-5550	-69.698	-52.082
358090	Fueguino	Chile	Austral Andean Volcanic Arc	Lava dome(s)	Subduction zone / Continental crust (> 25 km)	Eruption Observed	157	1820	-70.262	-54.97
360010	Saba	Netherlands	Lesser Antilles Volcanic Arc	Stratovolcano	Subduction zone / Oceanic crust (< 15 km)	Eruption Observed	887	1640	-63.23	17.63
360020	Quill, The	Netherlands	Lesser Antilles Volcanic Arc	Stratovolcano	Subduction zone / Oceanic crust (< 15 km)	Eruption Dated	601	250	-62.96	17.478
360030	Liamuiga	Saint Kitts and Nevis	Lesser Antilles Volcanic Arc	Stratovolcano	Subduction zone / Oceanic crust (< 15 km)	Eruption Dated	1156	160	-62.8	17.37
360040	Nevis Peak	Saint Kitts and Nevis	Lesser Antilles Volcanic Arc	Stratovolcano	Subduction zone / Oceanic crust (< 15 km)	Evidence Uncertain	985		-62.58	17.15
360050	Soufriere Hills	United Kingdom	Lesser Antilles Volcanic Arc	Stratovolcano	Subduction zone / Oceanic crust (< 15 km)	Eruption Observed	915	2013	-62.18	16.72
360060	Soufriere Guadeloupe	France	Lesser Antilles Volcanic Arc	Stratovolcano	Subduction zone / Oceanic crust (< 15 km)	Eruption Observed	1467	1977	-61.664	16.044
360080	Diables, Morne aux	Dominica	Lesser Antilles Volcanic Arc	Lava dome(s)	Subduction zone / Oceanic crust (< 15 km)	Evidence Credible	861		-61.43	15.612
360090	Diablotins, Morne	Dominica	Lesser Antilles Volcanic Arc	Stratovolcano	Subduction zone / Oceanic crust (< 15 km)	Evidence Uncertain	1430		-61.397	15.503
360100	Trois Pitons, Morne	Dominica	Lesser Antilles Volcanic Arc	Complex	Subduction zone / Oceanic crust (< 15 km)	Eruption Dated	1387	920	-61.33	15.37
360101	Watt, Morne	Dominica	Lesser Antilles Volcanic Arc	Stratovolcano(es)	Subduction zone / Oceanic crust (< 15 km)	Eruption Observed	1224	1997	-61.305	15.307
360110	Plat Pays, Morne	Dominica	Lesser Antilles Volcanic Arc	Stratovolcano	Subduction zone / Oceanic crust (< 15 km)	Eruption Dated	940	1270	-61.341	15.255
360120	Pelee	France	Lesser Antilles Volcanic Arc	Stratovolcano	Subduction zone / Oceanic crust (< 15 km)	Eruption Observed	1372	1932	-61.166	14.809
360140	Qualibou	Saint Lucia	Lesser Antilles Volcanic Arc	Caldera	Subduction zone / Oceanic crust (< 15 km)	Eruption Observed	777	1766	-61.05	13.83
360150	Soufriere St. Vincent	Saint Vincent and the Grenadines	Lesser Antilles Volcanic Arc	Stratovolcano	Subduction zone / Oceanic crust (< 15 km)	Eruption Observed	1220	2021	-61.18	13.33
360160	Kick 'em Jenny	Grenada	Lesser Antilles Volcanic Arc	Complex	Subduction zone / Oceanic crust (< 15 km)	Eruption Observed	-185	2017	-61.64	12.3
360170	St. Catherine	Grenada	Lesser Antilles Volcanic Arc	Stratovolcano	Subduction zone / Oceanic crust (< 15 km)	Evidence Credible	840		-61.67	12.15
370010	Snaefellsjokull	Iceland	Iceland Neovolcanic Rift Volcanic Province	Stratovolcano	Rift zone / Oceanic crust (< 15 km)	Eruption Dated	1446	200	-23.783	64.8
370020	Helgrindur	Iceland	Iceland Neovolcanic Rift Volcanic Province	Volcanic field	Rift zone / Oceanic crust (< 15 km)	Evidence Credible	986		-23.283	64.866
370030	Ljosufjoll	Iceland	Iceland Neovolcanic Rift Volcanic Province	Volcanic field	Rift zone / Oceanic crust (< 15 km)	Eruption Dated	1063	960	-22.483	64.9
371020	Reykjanes	Iceland	Iceland Neovolcanic Rift Volcanic Province	Crater rows	Rift zone / Oceanic crust (< 15 km)	Eruption Observed	140	2025	-22.717	63.817
371022	Eldey	Iceland	Iceland Neovolcanic Rift Volcanic Province	Fissure vent	Rift zone / Oceanic crust (< 15 km)	Eruption Observed	70	1926	-23.0	63.733
371030	Krysuvik-Trolladyngja	Iceland	Iceland Neovolcanic Rift Volcanic Province	Crater rows	Rift zone / Oceanic crust (< 15 km)	Eruption Observed	360	1340	-22.067	63.917
371032	Fagradalsfjall	Iceland	Iceland Neovolcanic Rift Volcanic Province	Fissure vent	Rift zone / Oceanic crust (< 15 km)	Eruption Observed	250	2023	-22.258	63.895
371040	Brennisteinsfjoll	Iceland	Iceland Neovolcanic Rift Volcanic Province	Crater rows	Rift zone / Oceanic crust (< 15 km)	Eruption Observed	610	1341	-21.783	63.933
371050	Hengill	Iceland	Iceland Neovolcanic Rift Volcanic Province	Crater rows	Rift zone / Oceanic crust (< 15 km)	Eruption Dated	803	150	-21.416	64.083
371051	Hromundartindur	Iceland	Iceland Neovolcanic Rift Volcanic Province	Stratovolcano	Rift zone / Oceanic crust (< 15 km)	Evidence Uncertain	550		-21.333	64.083
371060	Grimsnes	Iceland	Iceland Neovolcanic Rift Volcanic Province	Volcanic field	Rift zone / Oceanic crust (< 15 km)	Eruption Dated	200	-3500	-20.883	64.05
371070	Prestahnukur	Iceland	Iceland Neovolcanic Rift Volcanic Province	Fissure vent(s)	Rift zone / Oceanic crust (< 15 km)	Eruption Dated	1385	-3350	-20.666	64.583
371080	Oddnyjarhnjukur-Langjokull	Iceland	Iceland Neovolcanic Rift Volcanic Province	Fissure vent(s)	Rift zone / Oceanic crust (< 15 km)	Eruption Dated	1100	950	-19.7	64.85
371090	Hofsjokull	Iceland	Iceland Neovolcanic Rift Volcanic Province	Fissure vent(s)	Rift zone / Oceanic crust (< 15 km)	Evidence Credible	1765		-18.766	64.833
372010	Vestmannaeyjar	Iceland	Iceland Neovolcanic Rift Volcanic Province	Fissure vent(s)	Rift zone / Oceanic crust (< 15 km)	Eruption Observed	283	1973	-20.266	63.416
372020	Eyjafjallajokull	Iceland	Iceland Neovolcanic Rift Volcanic Province	Stratovolcano	Rift zone / Oceanic crust (< 15 km)	Eruption Observed	1651	2010	-19.633	63.633
372030	Katla	Iceland	Iceland Neovolcanic Rift Volcanic Province	Fissure vent(s)	Rift zone / Oceanic crust (< 15 km)	Eruption Observed	1490	1918	-19.083	63.633
372040	Tindfjallajokull	Iceland	Iceland Neovolcanic Rift Volcanic Province	Stratovolcano	Rift zone / Oceanic crust (< 15 km)	Evidence Uncertain	1464		-19.716	63.783
372050	Torfajokull	Iceland	Iceland Neovolcanic Rift Volcanic Province	Stratovolcano	Rift zone / Oceanic crust (< 15 km)	Eruption Observed	1280	1477	-19.122	63.892
372070	Hekla	Iceland	Iceland Neovolcanic Rift Volcanic Province	Stratovolcano	Rift zone / Oceanic crust (< 15 km)	Eruption Observed	1490	2000	-19.666	63.983
373010	Grimsvotn	Iceland	Iceland Neovolcanic Rift Volcanic Province	Caldera	Rift zone / Oceanic crust (< 15 km)	Eruption Observed	1719	2011	-17.316	64.416
373012	Thordarhyrna	Iceland	Iceland Neovolcanic Rift Volcanic Province	Stratovolcano	Rift zone / Oceanic crust (< 15 km)	Eruption Observed	1650	1904	-17.617	64.267
373030	Bardarbunga	Iceland	Iceland Neovolcanic Rift Volcanic Province	Stratovolcano	Rift zone / Oceanic crust (< 15 km)	Eruption Observed	2000	2015	-17.516	64.633
373040	Tungnafellsjokull	Iceland	Iceland Neovolcanic Rift Volcanic Province	Stratovolcano	Rift zone / Oceanic crust (< 15 km)	Evidence Credible	1523		-17.916	64.75
373050	Kverkfjoll	Iceland	Iceland Neovolcanic Rift Volcanic Province	Stratovolcano	Rift zone / Oceanic crust (< 15 km)	Eruption Observed	1930	1968	-16.647	64.653
373060	Askja	Iceland	Iceland Neovolcanic Rift Volcanic Province	Stratovolcano	Rift zone / Oceanic crust (< 15 km)	Eruption Observed	1080	1961	-16.783	65.033
373070	Fremrinamar	Iceland	Iceland Neovolcanic Rift Volcanic Province	Stratovolcano	Rift zone / Oceanic crust (< 15 km)	Eruption Dated	970	-1200	-16.666	65.416
373080	Krafla	Iceland	Iceland Neovolcanic Rift Volcanic Province	Caldera	Rift zone / Oceanic crust (< 15 km)	Eruption Observed	800	1984	-16.728	65.715
373082	Heidarspordar	Iceland	Iceland Neovolcanic Rift Volcanic Province	Fissure vent	Rift zone / Oceanic crust (< 15 km)	Eruption Dated	490	-300	-16.817	65.583
373090	Theistareykir	Iceland	Iceland Neovolcanic Rift Volcanic Province	Shield	Rift zone / Oceanic crust (< 15 km)	Eruption Dated	563	-900	-16.967	65.883
373100	Tjornes Fracture Zone	Iceland	Arctic Ridge Volcanic Province	Fissure vent	Rift zone / Oceanic crust (< 15 km)	Eruption Observed	-75	1868	-17.118	66.309
374010	Oraefajokull	Iceland	Iceland Neovolcanic Rift Volcanic Province	Stratovolcano	Rift zone / Oceanic crust (< 15 km)	Eruption Observed	2010	1728	-16.65	64.0
374020	Esjufjoll	Iceland	Iceland Neovolcanic Rift Volcanic Province	Stratovolcano	Rift zone / Oceanic crust (< 15 km)	Unrest / Holocene	1620		-16.583	64.25
374801	Snaefell	Iceland	Iceland Neovolcanic Rift Volcanic Province	Stratovolcano	Rift zone / Oceanic crust (< 15 km)	Evidence Uncertain	1833		-15.56	64.798
375010	Kolbeinsey Ridge	Iceland	Arctic Ridge Volcanic Province	Fissure vent	Rift zone / Oceanic crust (< 15 km)	Eruption Observed	5	1755	-18.5	66.67
376010	Jan Mayen	Norway	Arctic Ridge Volcanic Province	Stratovolcano	Rift zone / Oceanic crust (< 15 km)	Eruption Observed	2197	1985	-8.155	71.082
377020	East Gakkel Ridge at 85°E	Undersea Features	Arctic Ridge Volcanic Province	Fissure vent	Rift zone / Oceanic crust (< 15 km)	Evidence Credible	-3800	1999	85.25	85.608
381040	Pico Fracture Zone	Undersea Features	Azores-Terceira Rift Volcanic Province	Fissure vent	Intraplate / Oceanic crust (< 15 km)	Eruption Observed	-4200	1865	-38.08	38.75
382001	Flores	Portugal	Azores-Terceira Rift Volcanic Province	Stratovolcano(es)	Intraplate / Continental crust (> 25 km)	Eruption Dated	914	-950	-31.216	39.462
382010	Fayal	Portugal	Azores-Terceira Rift Volcanic Province	Stratovolcano	Rift zone / Oceanic crust (< 15 km)	Eruption Observed	1041	1958	-28.713	38.576
382020	Pico	Portugal	Azores-Terceira Rift Volcanic Province	Stratovolcano	Rift zone / Oceanic crust (< 15 km)	Eruption Observed	2351	1720	-28.4	38.47
382030	Sao Jorge	Portugal	Azores-Terceira Rift Volcanic Province	Fissure vent	Rift zone / Oceanic crust (< 15 km)	Eruption Observed	1053	1902	-28.08	38.65
382040	Graciosa	Portugal	Azores-Terceira Rift Volcanic Province	Stratovolcano	Rift zone / Oceanic crust (< 15 km)	Eruption Dated	402	-1950	-27.97	39.02
382050	Terceira	Portugal	Azores-Terceira Rift Volcanic Province	Stratovolcano(es)	Rift zone / Oceanic crust (< 15 km)	Eruption Observed	1023	2000	-27.32	38.73
382070	Don Joao de Castro Bank	Portugal	Azores-Terceira Rift Volcanic Province	Shield	Rift zone / Oceanic crust (< 15 km)	Eruption Observed	-13	1720	-26.63	38.23
382080	Sete Cidades	Portugal	Azores-Terceira Rift Volcanic Province	Stratovolcano	Rift zone / Oceanic crust (< 15 km)	Eruption Observed	842	1880	-25.785	37.865
382081	Picos Fissural Volcanic System	Portugal	Azores-Terceira Rift Volcanic Province	Fissure vent	Rift zone / Oceanic crust (< 15 km)	Eruption Observed	350	1652	-25.67	37.78
382090	Agua de Pau	Portugal	Azores-Terceira Rift Volcanic Province	Stratovolcano	Rift zone / Oceanic crust (< 15 km)	Eruption Observed	947	1564	-25.47	37.77
382100	Furnas	Portugal	Azores-Terceira Rift Volcanic Province	Stratovolcano	Rift zone / Oceanic crust (< 15 km)	Eruption Observed	805	1630	-25.32	37.77
382110	Monaco Bank	Portugal	Azores-Terceira Rift Volcanic Province	Fissure vent	Rift zone / Oceanic crust (< 15 km)	Eruption Observed	-197	1911	-25.88	37.6
382120	Madeira	Portugal	Madeira Hotspot Volcano Group	Shield	Intraplate / Oceanic crust (< 15 km)	Eruption Dated	1862	-4500	-16.97	32.73
383010	La Palma	Spain	Canary Volcanic Province	Stratovolcano(es)	Intraplate / Oceanic crust (< 15 km)	Eruption Observed	2426	2021	-17.83	28.57
383020	Hierro	Spain	Canary Volcanic Province	Shield	Intraplate / Oceanic crust (< 15 km)	Eruption Observed	1500	2012	-18.03	27.73
383030	Tenerife	Spain	Canary Volcanic Province	Stratovolcano	Intraplate / Oceanic crust (< 15 km)	Eruption Observed	3715	1909	-16.641	28.271
383040	Gran Canaria	Spain	Canary Volcanic Province	Fissure vent(s)	Intraplate / Intermediate crust (15-25 km)	Eruption Dated	1950	40	-15.58	28.0
383050	Fuerteventura	Spain	Canary Volcanic Province	Fissure vent(s)	Intraplate / Intermediate crust (15-25 km)	Evidence Credible	529		-14.02	28.358
383060	Lanzarote	Spain	Canary Volcanic Province	Fissure vent(s)	Intraplate / Intermediate crust (15-25 km)	Eruption Observed	670	1824	-13.63	29.03
384010	Fogo	Cabo Verde	Cape Verde Hotspot Volcano Group	Stratovolcano	Intraplate / Intermediate crust (15-25 km)	Eruption Observed	2829	2015	-24.35	14.95
384020	Brava	Cabo Verde	Cape Verde Hotspot Volcano Group	Stratovolcano	Intraplate / Intermediate crust (15-25 km)	Evidence Credible	956		-24.7041	14.8514
385030	Romanche Fracture Zone	Undersea Features	Central Mid-Atlantic Rift Volcanic Province	Fissure vent	Rift zone / Oceanic crust (< 15 km)	Evidence Uncertain	-1528		-19.596	-0.433
385050	Ascension	United Kingdom	Central Mid-Atlantic Rift Volcanic Province	Stratovolcano	Rift zone / Oceanic crust (< 15 km)	Eruption Dated	822	1508	-14.3667	-7.9458
385052	Walvis Ridge at 33°S	Undersea Features	Southern Atlantic Volcano Group	Cone	Intraplate / Oceanic crust (< 15 km)	Eruption Observed	-1200	2002	-5.22	-32.958
386010	Tristan da Cunha	United Kingdom	Southern Atlantic Volcano Group	Shield	Rift zone / Oceanic crust (< 15 km)	Eruption Observed	2060	1962	-12.28	-37.092
386011	Nightingale Island	United Kingdom	Southern Atlantic Volcano Group	Stratovolcano	Rift zone / Oceanic crust (< 15 km)	Eruption Observed	365	2004	-12.48	-37.42
386020	Bouvet	Norway	Southern Atlantic Volcano Group	Shield	Rift zone / Oceanic crust (< 15 km)	Eruption Dated	741	-50	3.351	-54.408
390010	Buckle Island	Antarctica	Balleny Hotspot Volcano Group	Stratovolcano	Rift zone / Oceanic crust (< 15 km)	Eruption Observed	1239	1899	163.25	-66.78
390011	Young Island	Antarctica	Balleny Hotspot Volcano Group	Stratovolcano	Rift zone / Oceanic crust (< 15 km)	Evidence Uncertain	1340		162.47	-66.42
390012	Sturge Island	Antarctica	Balleny Hotspot Volcano Group	Stratovolcano	Rift zone / Oceanic crust (< 15 km)	Evidence Uncertain	1167		164.83	-67.4
390013	Pleiades, The	Antarctica	McMurdo Volcanic Province	Stratovolcano	Intraplate / Continental crust (> 25 km)	Eruption Dated	3040	-1050	165.5	-72.67
390015	Melbourne	Antarctica	McMurdo Volcanic Province	Stratovolcano	Intraplate / Continental crust (> 25 km)	Eruption Dated	2732	1892	164.7	-74.35
390016	McMurdo Province at 76.8°S	Antarctica	McMurdo Volcanic Province	Caldera	Intraplate / Continental crust (> 25 km)	Evidence Uncertain	-500		163.0	-76.83
390017	Morning	Antarctica	McMurdo Volcanic Province	Shield	Intraplate / Continental crust (> 25 km)	Evidence Uncertain	2723		163.53	-78.5
390020	Erebus	Antarctica	McMurdo Volcanic Province	Stratovolcano	Intraplate / Continental crust (> 25 km)	Eruption Observed	3794	2026	167.17	-77.53
390021	Royal Society Range	Antarctica	McMurdo Volcanic Province	Pyroclastic cone(s)	Intraplate / Continental crust (> 25 km)	Evidence Uncertain	3000		163.33	-78.25
390022	Berlin	Antarctica	Western Antarctica Volcanic Province	Shield(s)	Intraplate / Continental crust (> 25 km)	Eruption Dated	3478	-8350	-136.0	-76.05
390023	Andrus	Antarctica	Western Antarctica Volcanic Province	Shield(s)	Intraplate / Continental crust (> 25 km)	Evidence Uncertain	2978		-132.33	-75.8
390027	Takahe	Antarctica	Western Antarctica Volcanic Province	Shield	Intraplate / Continental crust (> 25 km)	Eruption Dated	3460	-5550	-112.08	-76.28
390028	Hudson Mountains	Antarctica	Western Antarctica Volcanic Province	Stratovolcano(es)	Intraplate / Continental crust (> 25 km)	Eruption Dated	749	-207	-99.42	-74.33
390030	Deception Island	Antarctica	South Shetlands Volcanic Arc	Caldera	Intraplate / Continental crust (> 25 km)	Eruption Observed	602	1970	-60.6367	-62.9567
390031	Penguin Island	Antarctica	South Shetlands Volcanic Arc	Stratovolcano	Intraplate / Continental crust (> 25 km)	Eruption Observed	180	1905	-57.93	-62.1
390040	Bridgeman Island	Antarctica	South Shetlands Volcanic Arc	Stratovolcano	Intraplate / Continental crust (> 25 km)	Evidence Uncertain	240		-56.713	-62.063
390041	Paulet	Antarctica	Antarctic Peninsula Volcanic Province	Pyroclastic cone	Intraplate / Continental crust (> 25 km)	Evidence Credible	353		-55.78	-63.579
390070	Southern Thule	United Kingdom	South Sandwich Volcanic Arc	Stratovolcano(es)	Subduction zone / Oceanic crust (< 15 km)	Eruption Observed	1075	1975	-27.225	-59.442
390080	Bristol Island	United Kingdom	South Sandwich Volcanic Arc	Stratovolcano	Subduction zone / Oceanic crust (< 15 km)	Eruption Observed	1100	2016	-26.533	-59.017
390081	Montagu Island	United Kingdom	South Sandwich Volcanic Arc	Shield	Subduction zone / Oceanic crust (< 15 km)	Eruption Observed	1370	2007	-26.374	-58.445
390090	Saunders	United Kingdom	South Sandwich Volcanic Arc	Stratovolcano	Subduction zone / Oceanic crust (< 15 km)	Eruption Observed	843	2026	-26.483	-57.8
390100	Candlemas Island	United Kingdom	South Sandwich Volcanic Arc	Stratovolcano	Subduction zone / Oceanic crust (< 15 km)	Eruption Observed	550	1911	-26.67	-57.08
390110	Hodson	United Kingdom	South Sandwich Volcanic Arc	Stratovolcano	Subduction zone / Oceanic crust (< 15 km)	Evidence Credible	835		-27.176	-56.712
390120	Leskov Island	United Kingdom	South Sandwich Volcanic Arc	Stratovolcano	Subduction zone / Oceanic crust (< 15 km)	Unrest / Holocene	190		-28.14	-56.656
390130	Zavodovski	United Kingdom	South Sandwich Volcanic Arc	Stratovolcano	Subduction zone / Oceanic crust (< 15 km)	Eruption Observed	551	2016	-27.57	-56.3
390140	Protector Seamounts	United Kingdom	South Sandwich Volcanic Arc	Volcanic field	Subduction zone / Oceanic crust (< 15 km)	Eruption Observed	-55	1962	-28.167	-55.912
390829	Mount Haddington Volcanic Field	Antarctica	Antarctic Peninsula Volcanic Province	Shield	Intraplate / Continental crust (> 25 km)	Evidence Credible	1544		-57.75	-64.15
390847	Melville	Antarctica	South Shetlands Volcanic Arc	Stratovolcano	Intraplate / Continental crust (> 25 km)	Evidence Uncertain	549		-57.67	-62.02
